{
"type": "FeatureCollection",
"name": "zonificacion_villanueva",
"crs": { "type": "name", "properties": { "name": "urn:ogc:def:crs:OGC:1.3:CRS84" } },
"features": [
{ "type": "Feature", "properties": { "desig": "AVP", "id": 33.0, "layer": "2026 - Area Verde Protegida", "name": "Verde Protegida", "fos": null, "fot": null, "h_max_1": null, "h_max_2": null, "ret_1": null, "ret_2": null, "ancho_min": null, "sup_min": null, "u_perm": "Area verde protegida de uso publico. Recreativo de bajo impacto. Educacion\nambiental, ecologico e historico. Infra ecologica. Recuperacion, proteccion y restauracion de\nflora y fauna nativa. Segun linea de ribera.", "u_cond": null, "u_no_conf": null, "link1": "codigo_edificacion.pdf", "link2": "codigo_fraccionamiento.pdf", "link3": "codigo_urbano_rural.pdf", "link4": "anexo_grafico.pdf", "link5": "planilla_usos.pdf", "link6": "https://villanueva.gob.ar/obras-privadas/" }, "geometry": { "type": "Polygon", "coordinates": [ [ [ -63.238634003197959, -32.423492795714587 ], [ -63.238419106806532, -32.423744909898694 ], [ -63.23825697544472, -32.423973902992302 ], [ -63.237808902177434, -32.42447181671708 ], [ -63.237074071249253, -32.424930123452015 ], [ -63.236502137445399, -32.425249194697436 ], [ -63.236066845524483, -32.425555829161219 ], [ -63.235654149235764, -32.425963005369233 ], [ -63.235202027591562, -32.426344994721759 ], [ -63.234510138861459, -32.426556026739171 ], [ -63.233687166035587, -32.426669869713116 ], [ -63.23277091098241, -32.426701787406714 ], [ -63.23184988545723, -32.426532083499623 ], [ -63.231393885656338, -32.426444062775829 ], [ -63.231073137548208, -32.426421196796802 ], [ -63.230448161418138, -32.426388963026305 ], [ -63.230030967611654, -32.426293198736893 ], [ -63.229529790692084, -32.426424919820242 ], [ -63.228783739056404, -32.426464165941994 ], [ -63.227837983185729, -32.426395965771533 ], [ -63.227065021161501, -32.426308051301696 ], [ -63.226367024850013, -32.426423876463275 ], [ -63.225930130291317, -32.426530208617798 ], [ -63.22559986676093, -32.42674415155399 ], [ -63.225382869687976, -32.426952928673082 ], [ -63.225303769806978, -32.427224156205313 ], [ -63.225223793496234, -32.427571163447332 ], [ -63.225016825499111, -32.428179109710186 ], [ -63.224677977895219, -32.428794958485348 ], [ -63.224220875746845, -32.429337944818116 ], [ -63.223843131124283, -32.429712995098647 ], [ -63.22355087324307, -32.430032863794345 ], [ -63.22340775469192, -32.430443129962832 ], [ -63.223399968166881, -32.430951937086242 ], [ -63.22348218152171, -32.43129279209996 ], [ -63.223611947669944, -32.431721067230093 ], [ -63.223734111859187, -32.432086207537168 ], [ -63.223765932426573, -32.432479924342069 ], [ -63.223758513583334, -32.432531066171912 ], [ -63.223203806428259, -32.433365213048567 ], [ -63.222443583534613, -32.433854379642753 ], [ -63.220947225193136, -32.434287779981986 ], [ -63.220700190755984, -32.434405037279461 ], [ -63.220513033226979, -32.434648936446131 ], [ -63.22032394769893, -32.4349749309172 ], [ -63.220109820416305, -32.435283829184272 ], [ -63.220038226260023, -32.435588870254207 ], [ -63.219988880271778, -32.435856884213564 ], [ -63.220073891790747, -32.43603896335096 ], [ -63.220299160463803, -32.436374156934313 ], [ -63.220710885708371, -32.437048218760928 ], [ -63.221295758758956, -32.437836093086794 ], [ -63.221544808356427, -32.438321896048933 ], [ -63.221630172978976, -32.438646056649723 ], [ -63.221636046239482, -32.439089887391589 ], [ -63.221666794060305, -32.43970011482498 ], [ -63.221592202988262, -32.440518915857609 ], [ -63.221364208332361, -32.44125093195683 ], [ -63.220944104812318, -32.44173114422351 ], [ -63.220191110116147, -32.442249825586472 ], [ -63.219256023935856, -32.442699808277254 ], [ -63.218281818384121, -32.443033930388026 ], [ -63.217287170263496, -32.443275161654775 ], [ -63.216559948390014, -32.443240780422379 ], [ -63.215897923710983, -32.44311020852291 ], [ -63.21556690939979, -32.443044018612511 ], [ -63.215205855219878, -32.443095155040716 ], [ -63.214734998179715, -32.443275028201569 ], [ -63.214239008800575, -32.443624991603336 ], [ -63.213717996326658, -32.443966876108817 ], [ -63.213174026954135, -32.444274967992833 ], [ -63.212679017459344, -32.444593800416605 ], [ -63.21221692144497, -32.444885963761607 ], [ -63.211909975505677, -32.445104791696053 ], [ -63.211602887384117, -32.445490963065851 ], [ -63.211308994034908, -32.445833808393736 ], [ -63.2110040614387, -32.446233957254627 ], [ -63.210484171149467, -32.446612812775612 ], [ -63.209973066036248, -32.446882045086973 ], [ -63.209334808193752, -32.446915133379747 ], [ -63.208780199055383, -32.446775774424502 ], [ -63.208391047133695, -32.446645161405414 ], [ -63.208040997858333, -32.446632208403926 ], [ -63.207631939553892, -32.446635138736937 ], [ -63.207010061188434, -32.446619022800348 ], [ -63.206273844821247, -32.446382973804219 ], [ -63.205674030834238, -32.446010027923748 ], [ -63.205106136883096, -32.445637028075339 ], [ -63.204598735461339, -32.445195816059702 ], [ -63.204341132740694, -32.444659927501945 ], [ -63.204196122463799, -32.444279920738964 ], [ -63.203911796936723, -32.443921790542291 ], [ -63.203511776387117, -32.443680219021267 ], [ -63.203121876267225, -32.44368084842894 ], [ -63.202662744343101, -32.443883211384069 ], [ -63.202125199659733, -32.444465037853142 ], [ -63.201623028634678, -32.445169040900922 ], [ -63.201340143009006, -32.445934036970968 ], [ -63.201301102644393, -32.446557911420811 ], [ -63.201493060503182, -32.447002798757119 ], [ -63.201903864107656, -32.447304800232693 ], [ -63.202463885387807, -32.44748883474081 ], [ -63.203178978255288, -32.447557146147489 ], [ -63.203962932368285, -32.447731791356304 ], [ -63.204555008842156, -32.447973951201725 ], [ -63.204958941035066, -32.448524035331928 ], [ -63.205084840856081, -32.448917152900627 ], [ -63.205207934615956, -32.449479871341232 ], [ -63.205250809205268, -32.450089180531123 ], [ -63.205300763977455, -32.450771097227253 ], [ -63.205408188865484, -32.451928786250996 ], [ -63.205662001090644, -32.452658181783569 ], [ -63.205914055274377, -32.45307995998035 ], [ -63.206066867665385, -32.45360609315135 ], [ -63.206010116126983, -32.454148807867931 ], [ -63.205708251368563, -32.454751011430922 ], [ -63.205498782055685, -32.455044991283046 ], [ -63.205385051075453, -32.45556479485942 ], [ -63.205465944677343, -32.456046841904104 ], [ -63.205688924766399, -32.456547150894622 ], [ -63.205972040659425, -32.456820930979127 ], [ -63.206353101801803, -32.456884808569328 ], [ -63.207136988226949, -32.456759030071048 ], [ -63.207842172735013, -32.456881006036795 ], [ -63.208411091774273, -32.457202120369132 ], [ -63.209190740345143, -32.457084003709006 ], [ -63.208514774624426, -32.456252925228533 ], [ -63.207711054298308, -32.455846948914036 ], [ -63.207324916438971, -32.454958101571528 ], [ -63.20722774150682, -32.453874822334825 ], [ -63.206011172194138, -32.452275115223202 ], [ -63.205618758980144, -32.451420100715104 ], [ -63.205462833615883, -32.449285050235169 ], [ -63.205006130984948, -32.447750846018863 ], [ -63.203220777864566, -32.447220138256512 ], [ -63.202393976004863, -32.446674788370181 ], [ -63.20199675987697, -32.445071013786325 ], [ -63.202805879439907, -32.444854108492358 ], [ -63.20328496456063, -32.444297181700158 ], [ -63.203925007219212, -32.44411888099669 ], [ -63.204196017634892, -32.445412978169259 ], [ -63.206863109384571, -32.446792921373167 ], [ -63.208931221174105, -32.447214854066189 ], [ -63.209008922441271, -32.447230963024992 ], [ -63.210546981579192, -32.44685898584796 ], [ -63.21097326428724, -32.447170854697788 ], [ -63.212062067961554, -32.447358921026208 ], [ -63.212607080616237, -32.447259221312002 ], [ -63.213054252215684, -32.447175921777202 ], [ -63.214530769392169, -32.445982173007394 ], [ -63.215827010388018, -32.445048975651844 ], [ -63.216727857111941, -32.443610809680415 ], [ -63.218712114757892, -32.443242023020971 ], [ -63.219684171165106, -32.442898881090414 ], [ -63.220266880064145, -32.442565885190085 ], [ -63.220987016466921, -32.442095974729391 ], [ -63.221255040577034, -32.441852834835956 ], [ -63.221289839165898, -32.441726928446812 ], [ -63.221622788278914, -32.441497206307616 ], [ -63.221999000156934, -32.440690052326111 ], [ -63.222193758502797, -32.440289169312621 ], [ -63.222622681392949, -32.438860218975272 ], [ -63.22230560388514, -32.438372529175204 ], [ -63.222546353942356, -32.436266803378771 ], [ -63.222086407372025, -32.43528009201917 ], [ -63.221977126095489, -32.434601007558442 ], [ -63.22299763294297, -32.434241938582048 ], [ -63.223522240511336, -32.433903285097749 ], [ -63.22392432536121, -32.43322556170915 ], [ -63.224047882097452, -32.432493608714758 ], [ -63.224286967369864, -32.431814094390113 ], [ -63.223687115031453, -32.43114583441384 ], [ -63.224406889470252, -32.430358810073479 ], [ -63.225173947522059, -32.42943490334067 ], [ -63.225852812050071, -32.427728810507787 ], [ -63.225915947186721, -32.427667804400564 ], [ -63.226433791866, -32.426965026834594 ], [ -63.227671816854695, -32.426725088083835 ], [ -63.22931912014829, -32.426818175320065 ], [ -63.22997503908595, -32.426887796423898 ], [ -63.23203406503513, -32.42701302352723 ], [ -63.232206152796728, -32.427548113452175 ], [ -63.2328721157225, -32.427591087398298 ], [ -63.233060594461556, -32.42704232585632 ], [ -63.236597880491161, -32.426671277726008 ], [ -63.236762876632007, -32.426517156987735 ], [ -63.236858113776407, -32.426343784851291 ], [ -63.237447464893982, -32.425832116345944 ], [ -63.238405255127446, -32.425220828423299 ], [ -63.238915543927334, -32.424694943017805 ], [ -63.23954894395002, -32.424236602032018 ], [ -63.238634003197959, -32.423492795714587 ] ] ] } },
{ "type": "Feature", "properties": { "desig": "RNA", "id": 234.0, "layer": "2026 - Reserva Natural Autoctona", "name": "Reserva Natural Autoctona", "fos": null, "fot": null, "h_max_1": null, "h_max_2": null, "ret_1": null, "ret_2": null, "ancho_min": null, "sup_min": null, "u_perm": "Área protegida Ord Mun. 2880/19. Reserva, conservación y preservación\ndel paisaje, flora, fauna, suelos. Uso público. Educación ambiental e histórica. Recreación y\nturismo con impacto ambiental mínimo", "u_cond": null, "u_no_conf": null, "link1": "codigo_edificacion.pdf", "link2": "codigo_fraccionamiento.pdf", "link3": "codigo_urbano_rural.pdf", "link4": "anexo_grafico.pdf", "link5": "planilla_usos.pdf", "link6": "https://villanueva.gob.ar/obras-privadas/" }, "geometry": { "type": "Polygon", "coordinates": [ [ [ -63.266657085482031, -32.426781902091975 ], [ -63.266731119265771, -32.426748736614165 ], [ -63.266903129845268, -32.426698420479532 ], [ -63.267218355377778, -32.426563266267593 ], [ -63.267483688177116, -32.426409005308138 ], [ -63.267757872650293, -32.4261842798429 ], [ -63.268060158699647, -32.425759686619386 ], [ -63.268231381950102, -32.425444241605334 ], [ -63.268477715831899, -32.424995430779433 ], [ -63.268606742939504, -32.424710814183896 ], [ -63.268738479415269, -32.424321165087299 ], [ -63.268782347272158, -32.423836922481264 ], [ -63.268771744732589, -32.423316933208014 ], [ -63.26895529266492, -32.423085995017409 ], [ -63.268926803968206, -32.422832787779299 ], [ -63.26924420293718, -32.422624172204827 ], [ -63.268214496605289, -32.420197917670485 ], [ -63.268060137086913, -32.419834193622755 ], [ -63.268489577044107, -32.418337129189979 ], [ -63.268634321206648, -32.417868693599971 ], [ -63.26906453634389, -32.417482631797569 ], [ -63.269395514713857, -32.417252209304479 ], [ -63.269914511512276, -32.41710252428679 ], [ -63.270471030741412, -32.417113732782241 ], [ -63.271379866830131, -32.417352494454818 ], [ -63.27184263111365, -32.417757819395248 ], [ -63.273037227712045, -32.418820686870099 ], [ -63.273420546003045, -32.419274357940012 ], [ -63.273929818897223, -32.419426892996697 ], [ -63.27537421125033, -32.419449906248154 ], [ -63.276569822196379, -32.418979991173899 ], [ -63.27692687537855, -32.41888087583164 ], [ -63.278061115028351, -32.418172020497266 ], [ -63.278936909115167, -32.416949068827932 ], [ -63.279654030369919, -32.415838776942365 ], [ -63.280032737014324, -32.41535214610235 ], [ -63.282216967371426, -32.414764053847122 ], [ -63.283286856590252, -32.414933055373758 ], [ -63.283308738238901, -32.415298814525762 ], [ -63.283575877691881, -32.415361813597947 ], [ -63.284400027421533, -32.416184942414105 ], [ -63.284134983169096, -32.417470154331028 ], [ -63.28384396421324, -32.418953890536748 ], [ -63.28384114644745, -32.419243025081151 ], [ -63.283804926540171, -32.420243103384443 ], [ -63.28424220795538, -32.420970125765734 ], [ -63.285242260533252, -32.42139817534261 ], [ -63.28654510202162, -32.42154902969115 ], [ -63.287650090485499, -32.421523057134436 ], [ -63.28848391692182, -32.421347041574521 ], [ -63.289614106187585, -32.419556003324736 ], [ -63.290413216865865, -32.418841942918171 ], [ -63.292002893576047, -32.417744903548289 ], [ -63.293512135622024, -32.417930841369476 ], [ -63.293865882595817, -32.417639084279848 ], [ -63.294534775015784, -32.420725016240034 ], [ -63.294800000910939, -32.421009915123662 ], [ -63.294907143599673, -32.421250980405546 ], [ -63.294931766847817, -32.421463822667235 ], [ -63.29510676144421, -32.42180080460902 ], [ -63.295381265690914, -32.422156947979097 ], [ -63.296045203230896, -32.422722820823935 ], [ -63.296330195819742, -32.422869195520093 ], [ -63.297048003388625, -32.422992898726307 ], [ -63.297135886047194, -32.423520880883629 ], [ -63.298068192522273, -32.423535818322684 ], [ -63.298082121533717, -32.423566908533424 ], [ -63.298120937620574, -32.4235650122801 ], [ -63.298966990168161, -32.423226969461368 ], [ -63.299999902931617, -32.422468090679452 ], [ -63.300188784677204, -32.422496056889969 ], [ -63.300917886131309, -32.422336898273272 ], [ -63.301558058165547, -32.421503166020756 ], [ -63.302382099064467, -32.420314908862188 ], [ -63.301139134377777, -32.420741880194768 ], [ -63.300302115136603, -32.421229216070266 ], [ -63.300245863761958, -32.421264983882892 ], [ -63.29919094302511, -32.421957161014362 ], [ -63.298259088604382, -32.422397799175421 ], [ -63.297286768116649, -32.422502036076075 ], [ -63.296393908692203, -32.422349877350591 ], [ -63.295616160092713, -32.421944850730625 ], [ -63.295126743555961, -32.421078162426255 ], [ -63.294869116349574, -32.419860006298507 ], [ -63.294635800121128, -32.418429796101812 ], [ -63.294231082427338, -32.417599892068118 ], [ -63.293696131460251, -32.417110840137909 ], [ -63.292764067554124, -32.41682117394042 ], [ -63.291799883864513, -32.416793189945864 ], [ -63.290864986256778, -32.417108837069904 ], [ -63.29012490930733, -32.417653166817701 ], [ -63.28946003705132, -32.418269939659872 ], [ -63.289136828285827, -32.418805185789985 ], [ -63.288887828571816, -32.41926583632987 ], [ -63.288742825281481, -32.41982097028945 ], [ -63.288445122832492, -32.42035299814404 ], [ -63.28805016474238, -32.420738203781561 ], [ -63.287414891896191, -32.420974204762224 ], [ -63.286634103020944, -32.421104985891617 ], [ -63.28577474813968, -32.421111899425824 ], [ -63.285194813794263, -32.420853855030408 ], [ -63.284616031450838, -32.420284124304587 ], [ -63.284399186594882, -32.419645915667061 ], [ -63.284275250133263, -32.418957879682594 ], [ -63.284243233639707, -32.418413975743455 ], [ -63.284320864864128, -32.417733153322246 ], [ -63.284318101334925, -32.417699781056022 ], [ -63.2845050712668, -32.417292955576094 ], [ -63.284582124187516, -32.416598151556101 ], [ -63.284740768060459, -32.415807989898752 ], [ -63.284650876369028, -32.415292181836733 ], [ -63.284365036486065, -32.414862066276079 ], [ -63.283923807691579, -32.414393960263816 ], [ -63.283499794798821, -32.414158109143912 ], [ -63.28303803416788, -32.414094194553989 ], [ -63.282169117722212, -32.414254013834281 ], [ -63.281635865691115, -32.414284976500248 ], [ -63.281248915337095, -32.414338163387811 ], [ -63.280693805594069, -32.414522982589986 ], [ -63.279986011142341, -32.414857889824503 ], [ -63.279395189077256, -32.415189826700683 ], [ -63.278915101645964, -32.415564818092179 ], [ -63.278324944012247, -32.416115963682508 ], [ -63.277902743936387, -32.416642829698574 ], [ -63.277463945572293, -32.41748186387597 ], [ -63.27686820688745, -32.418301845516631 ], [ -63.276112261835884, -32.418730205471526 ], [ -63.275217081695523, -32.419015879921993 ], [ -63.274502971819039, -32.418864077831344 ], [ -63.273681859856374, -32.418320985891356 ], [ -63.272274843729818, -32.416926202471487 ], [ -63.271747851959809, -32.41639103206866 ], [ -63.271194235418939, -32.416196916025044 ], [ -63.270501163374817, -32.415957089355899 ], [ -63.269852257205308, -32.41590480454601 ], [ -63.269055956103237, -32.415998974430039 ], [ -63.268431930466946, -32.416267783563924 ], [ -63.267954124273693, -32.416712190758801 ], [ -63.26762398912345, -32.417283933442846 ], [ -63.2674167551504, -32.417877966477938 ], [ -63.267199135848415, -32.418738145731979 ], [ -63.267198185652383, -32.41949818235468 ], [ -63.267514983410322, -32.420350010735127 ], [ -63.267969124740709, -32.42106713038293 ], [ -63.268224735602459, -32.421545159273151 ], [ -63.268309749738286, -32.422059185703631 ], [ -63.268166779608613, -32.422626920928458 ], [ -63.267933202447203, -32.423127190824303 ], [ -63.267668932164277, -32.423679848044117 ], [ -63.267194015311631, -32.424217164545404 ], [ -63.266724983434514, -32.424767998515122 ], [ -63.266206025316379, -32.425342841752339 ], [ -63.265531137169191, -32.425701955439884 ], [ -63.265009814266968, -32.425836115269448 ], [ -63.264293888270529, -32.42562111127279 ], [ -63.263774080658237, -32.424814806486658 ], [ -63.262886832050427, -32.423652027935049 ], [ -63.262046989742899, -32.422324057056962 ], [ -63.261798217650977, -32.421625884490162 ], [ -63.261597017069946, -32.421010156654269 ], [ -63.26150100138306, -32.419986903896337 ], [ -63.26129013446667, -32.41878301476293 ], [ -63.260380249823243, -32.418038847009633 ], [ -63.259407065132741, -32.417468911411952 ], [ -63.259210279981268, -32.417391639045981 ], [ -63.258550460177361, -32.41816019865086 ], [ -63.260095105160666, -32.419407724629792 ], [ -63.261262219922635, -32.421505661263481 ], [ -63.26163069899323, -32.423572568465481 ], [ -63.261590884212609, -32.423675924742902 ], [ -63.263092205624062, -32.424417947458124 ], [ -63.263295741831627, -32.425235672640724 ], [ -63.266414035835759, -32.426757265438859 ], [ -63.266657085482031, -32.426781902091975 ] ] ] } },
{ "type": "Feature", "properties": { "desig": "ZCen", "id": 23.0, "layer": "2026 - Zona Central", "name": "Central", "fos": "70", "fot": "2", "h_max_1": "Planta Baja + 2 Pisos. Alt. Max: 10,50", "h_max_2": null, "ret_1": "Sin Retiro", "ret_2": null, "ancho_min": "10,0", "sup_min": "250", "u_perm": "Uso de suelo mixto, residencial, comercial barrial, pymes y servicios, turismo, deportivo, recreativo e institucional", "u_cond": "Comercial de grandes superficies.", "u_no_conf": "Rurales, productivos e industriales.", "link1": "codigo_edificacion.pdf", "link2": "codigo_fraccionamiento.pdf", "link3": "codigo_urbano_rural.pdf", "link4": "anexo_grafico.pdf", "link5": "planilla_usos.pdf", "link6": "https://villanueva.gob.ar/obras-privadas/" }, "geometry": { "type": "Polygon", "coordinates": [ [ [ -63.253289776893453, -32.43486198893077 ], [ -63.253369244119426, -32.434939861550092 ], [ -63.253536992130748, -32.434824053449184 ], [ -63.253437781732757, -32.434723215995305 ], [ -63.253790250040076, -32.434474876414669 ], [ -63.253955874023248, -32.434360875540285 ], [ -63.253956056094481, -32.434425827660846 ], [ -63.254043201777129, -32.434396784069037 ], [ -63.254072964682216, -32.434389056421701 ], [ -63.254134076380979, -32.434369988182546 ], [ -63.254178185159276, -32.434356819235845 ], [ -63.254237175458535, -32.434340010515697 ], [ -63.254333893948306, -32.434310947402032 ], [ -63.254404033996316, -32.434286900250612 ], [ -63.254480020737141, -32.434261938592385 ], [ -63.254523063566545, -32.434247869022009 ], [ -63.254633168085569, -32.434439796896086 ], [ -63.254684030119947, -32.434550750566885 ], [ -63.25530618885724, -32.434511956500003 ], [ -63.255311754469993, -32.434410909024329 ], [ -63.255304147787442, -32.432843948826218 ], [ -63.25431705170972, -32.432858124599953 ], [ -63.254306892723569, -32.432270867292914 ], [ -63.254831818476248, -32.432263943291254 ], [ -63.254864898315233, -32.431355896534804 ], [ -63.254478776432649, -32.431357128005395 ], [ -63.254490144134842, -32.431049033029844 ], [ -63.254194977034139, -32.431052786016835 ], [ -63.254189861364033, -32.430746076942867 ], [ -63.254222835440167, -32.430746010404199 ], [ -63.254223259414481, -32.430517774403967 ], [ -63.254426956850502, -32.430517814048336 ], [ -63.254425933803894, -32.430342805263066 ], [ -63.254253086898203, -32.430344056889673 ], [ -63.254245085129213, -32.42995616316886 ], [ -63.254323260436607, -32.429954200959635 ], [ -63.254324100589706, -32.429684917089794 ], [ -63.254477800394795, -32.429684155827964 ], [ -63.254472012322879, -32.429137936416033 ], [ -63.254323094065484, -32.429136883602673 ], [ -63.254325241728758, -32.428765207234242 ], [ -63.254514038145544, -32.428763022442112 ], [ -63.254480974837087, -32.42759484778648 ], [ -63.254926098187767, -32.427588084642728 ], [ -63.25493197447144, -32.427408100362364 ], [ -63.254479937828513, -32.427414878391005 ], [ -63.25446874869877, -32.427028794456014 ], [ -63.254518206313513, -32.427027792792671 ], [ -63.254510782484168, -32.4266570373915 ], [ -63.254748235160854, -32.426749024404806 ], [ -63.254840250047856, -32.426563002679927 ], [ -63.25453199411357, -32.426445899822028 ], [ -63.254637800773629, -32.426247220378713 ], [ -63.255281862046374, -32.423612186196614 ], [ -63.255391927230313, -32.423605197256713 ], [ -63.255380879349758, -32.423459077436355 ], [ -63.255447751228274, -32.423335145171016 ], [ -63.255630041086285, -32.422828891091548 ], [ -63.255666449601868, -32.422706348791976 ], [ -63.255983111968646, -32.421844869362303 ], [ -63.256119889576887, -32.421882029615155 ], [ -63.256176885502136, -32.421727200294967 ], [ -63.256131117035856, -32.421715115124982 ], [ -63.256159081999876, -32.42163702477955 ], [ -63.256068075690095, -32.421612852429135 ], [ -63.256145128175852, -32.42140385622448 ], [ -63.256164777779702, -32.421338467787393 ], [ -63.256021994051657, -32.42121546985878 ], [ -63.256063104812306, -32.42117082511546 ], [ -63.256655870503288, -32.420542196668634 ], [ -63.256603145506496, -32.420514789662413 ], [ -63.2566731327315, -32.420441124187604 ], [ -63.256575093619425, -32.420374115950352 ], [ -63.256781951052837, -32.420148881208426 ], [ -63.256785234014231, -32.420065924630066 ], [ -63.256719818240626, -32.420026055105517 ], [ -63.255814875370248, -32.42008202272379 ], [ -63.255465896171806, -32.420980788390423 ], [ -63.255444107001836, -32.420985794934204 ], [ -63.254759230725007, -32.421602969488738 ], [ -63.254991849836451, -32.421663163683917 ], [ -63.254735824678292, -32.422014028387593 ], [ -63.254573145493332, -32.421973120771341 ], [ -63.254468167722202, -32.422275992951633 ], [ -63.254140798256806, -32.42254413179441 ], [ -63.253917798287269, -32.422861224139297 ], [ -63.253929879968886, -32.423377210890159 ], [ -63.254463261625432, -32.423369819746497 ], [ -63.254434794737953, -32.423459187175325 ], [ -63.254444904292683, -32.42346097117305 ], [ -63.25443080071976, -32.423552113103803 ], [ -63.254416974013566, -32.423552141025432 ], [ -63.254397263839444, -32.423729898036015 ], [ -63.254613860149824, -32.423783136634846 ], [ -63.254612822305916, -32.423792159900991 ], [ -63.254704888747213, -32.423814977609609 ], [ -63.254703845841185, -32.423822196472592 ], [ -63.254729002572986, -32.423879881452514 ], [ -63.254697122069317, -32.423889868830251 ], [ -63.25465210296516, -32.424144807839944 ], [ -63.254504758365144, -32.424132927354535 ], [ -63.254482924594242, -32.424312041285937 ], [ -63.254272813205205, -32.424295776712739 ], [ -63.254259771062117, -32.424386014714855 ], [ -63.254250982534082, -32.424475793252427 ], [ -63.254243258449868, -32.424566020518128 ], [ -63.254285814679804, -32.42456999343662 ], [ -63.254273831914048, -32.424658876664068 ], [ -63.254232874028297, -32.424655801370697 ], [ -63.254223011067836, -32.42474197414478 ], [ -63.254209968814017, -32.424832212135918 ], [ -63.254197993528656, -32.424923800605761 ], [ -63.254184970200953, -32.425020804429032 ], [ -63.254238880515175, -32.42509106147525 ], [ -63.253932230948074, -32.425355097267577 ], [ -63.253965791189628, -32.426134007859737 ], [ -63.253843194697467, -32.426035022113069 ], [ -63.253761151612956, -32.425984217444842 ], [ -63.25370414407633, -32.42594779671591 ], [ -63.253656197074079, -32.42591812359337 ], [ -63.253630090848688, -32.425901035576331 ], [ -63.253568070646899, -32.425973780624581 ], [ -63.253504990918707, -32.426047881309294 ], [ -63.253695227307411, -32.42618191410434 ], [ -63.253629992271961, -32.426246095366331 ], [ -63.253555740596973, -32.426318865930632 ], [ -63.253636203130611, -32.426375086249898 ], [ -63.253717203485223, -32.42643310894551 ], [ -63.253645085541073, -32.426508130554772 ], [ -63.253718087418811, -32.426558952599727 ], [ -63.253807075638512, -32.426621019754563 ], [ -63.253701010384233, -32.426728133832817 ], [ -63.253678734840669, -32.426749829844852 ], [ -63.253628888405359, -32.426801801902734 ], [ -63.253603963804025, -32.426827111159277 ], [ -63.25357108726952, -32.426861908458804 ], [ -63.253774742351524, -32.427039215510717 ], [ -63.25366174726377, -32.427140931171564 ], [ -63.253682053026147, -32.427175170528642 ], [ -63.253757773962363, -32.427247188246767 ], [ -63.253824960734256, -32.427310201047128 ], [ -63.25374216901568, -32.427372162438331 ], [ -63.253816820616258, -32.42744192607914 ], [ -63.253738804070437, -32.427499819044279 ], [ -63.253660256005723, -32.427558163007156 ], [ -63.253685856155869, -32.427583822316848 ], [ -63.253724254711337, -32.427622084934072 ], [ -63.253765855225403, -32.427663949013883 ], [ -63.253799991013075, -32.427699063147301 ], [ -63.253867735040394, -32.427771095959891 ], [ -63.253592852889518, -32.42798815749849 ], [ -63.253862220903109, -32.428270879858751 ], [ -63.253749187559457, -32.428359063915863 ], [ -63.25378014817602, -32.428400047659927 ], [ -63.253783885540336, -32.428405001590114 ], [ -63.253830817613867, -32.428451817262378 ], [ -63.253882014738515, -32.428501781367636 ], [ -63.253859196011213, -32.428519869675725 ], [ -63.253852828330444, -32.428524843965803 ], [ -63.253804005105998, -32.428562831398168 ], [ -63.253812007883596, -32.428571836437342 ], [ -63.253834941610862, -32.42859479401362 ], [ -63.25385094212718, -32.42861100058655 ], [ -63.253823874380863, -32.428630900960776 ], [ -63.253787793856525, -32.428661195084729 ], [ -63.253772932380087, -32.428672050597335 ], [ -63.253791059185403, -32.428687801114933 ], [ -63.253709859597272, -32.428748857512289 ], [ -63.253754116213884, -32.428789814482336 ], [ -63.253822906384137, -32.428855079325714 ], [ -63.253894883665005, -32.428918984172427 ], [ -63.253849247060742, -32.428955160785591 ], [ -63.253710753722068, -32.429068204295106 ], [ -63.253830187591269, -32.429176217644766 ], [ -63.253795257071481, -32.429237180858898 ], [ -63.253778805679346, -32.429249843987122 ], [ -63.253746968655001, -32.429276068944077 ], [ -63.253711943322138, -32.429303202971212 ], [ -63.253654102781198, -32.4293497787856 ], [ -63.253658904692323, -32.42935518145292 ], [ -63.253715951191595, -32.429405134741053 ], [ -63.253648017854829, -32.429455789679331 ], [ -63.25362413558819, -32.429473880084309 ], [ -63.253581154208263, -32.429509149497292 ], [ -63.253652073638833, -32.42957486101691 ], [ -63.253611741123848, -32.429606065403746 ], [ -63.253585736286652, -32.429625964486689 ], [ -63.253479087700057, -32.429715938946735 ], [ -63.253579908767648, -32.429823989970359 ], [ -63.253519918795639, -32.429862902421462 ], [ -63.25349975886347, -32.429880985311101 ], [ -63.253474820767245, -32.429901783979332 ], [ -63.253462087892224, -32.429913086048622 ], [ -63.253395750183387, -32.429964188515648 ], [ -63.253323766112068, -32.429898028119332 ], [ -63.253273106235135, -32.429849867132042 ], [ -63.253278944932205, -32.429845795690802 ], [ -63.253259748421264, -32.429827791963213 ], [ -63.253207734474238, -32.429865785573959 ], [ -63.25319924180036, -32.429872116734487 ], [ -63.253179076563583, -32.429887944293519 ], [ -63.253202001841515, -32.429908195828915 ], [ -63.253233998076396, -32.429938803821415 ], [ -63.253246264906004, -32.429950957368284 ], [ -63.253313984971797, -32.430013969337125 ], [ -63.253192999012427, -32.430112092687018 ], [ -63.253006746917876, -32.430264923951299 ], [ -63.25297795515273, -32.430238820949548 ], [ -63.252966808245873, -32.430246961836581 ], [ -63.252881897010035, -32.430312987503527 ], [ -63.252876058262501, -32.430317058024535 ], [ -63.252796974321626, -32.430374952531842 ], [ -63.252727126752006, -32.430311944556522 ], [ -63.252651238409833, -32.430371185194673 ], [ -63.252582995898621, -32.430311782744788 ], [ -63.252507117711744, -32.430375082978372 ], [ -63.252386137928994, -32.430475910805256 ], [ -63.252278951945051, -32.430564984466827 ], [ -63.252123794698072, -32.430425016233251 ], [ -63.252045785798273, -32.4304869669187 ], [ -63.252012886018647, -32.430514096218417 ], [ -63.251974150989788, -32.430546198638744 ], [ -63.251967221519656, -32.430540800163527 ], [ -63.251893114191148, -32.430475995833731 ], [ -63.251817766825965, -32.430538843713251 ], [ -63.251770847421518, -32.43049698873898 ], [ -63.251739923329325, -32.430469085303621 ], [ -63.251697804596787, -32.430432182165823 ], [ -63.251672745854826, -32.430410131109355 ], [ -63.251629231445314, -32.430444949140174 ], [ -63.251589957351086, -32.430474797229778 ], [ -63.251571824304939, -32.430456791122296 ], [ -63.251514775814321, -32.430405936020399 ], [ -63.25148491259074, -32.430377127746553 ], [ -63.251449189484298, -32.43034517411656 ], [ -63.251411860243714, -32.430309163979047 ], [ -63.251302055328168, -32.430220974975903 ], [ -63.251304177914264, -32.430219167230973 ], [ -63.251255098619865, -32.430165138163787 ], [ -63.251191093586819, -32.430098959730856 ], [ -63.251147894674872, -32.430056195346197 ], [ -63.251129759114939, -32.430036836545305 ], [ -63.251118014184804, -32.430021072926301 ], [ -63.251113213635961, -32.430016120135598 ], [ -63.251073749397847, -32.429976957105318 ], [ -63.251139035361085, -32.429929916754972 ], [ -63.251177780240248, -32.429900971614209 ], [ -63.251211752063348, -32.42987699833953 ], [ -63.251266952692731, -32.429837194781946 ], [ -63.251305170866885, -32.429810055064927 ], [ -63.251331178764417, -32.429791059102762 ], [ -63.251353999756049, -32.429773873004692 ], [ -63.251458016361461, -32.429692925851171 ], [ -63.251358850209719, -32.429605167430289 ], [ -63.251279765911029, -32.429663060993413 ], [ -63.251195904545568, -32.42972412107784 ], [ -63.251166181680254, -32.429745831488844 ], [ -63.251069050557192, -32.429816840860909 ], [ -63.250998112808766, -32.429743911172451 ], [ -63.250862111221053, -32.429606157577979 ], [ -63.250790994037992, -32.42965997526678 ], [ -63.250721138611596, -32.429593809136065 ], [ -63.250648958282135, -32.429648079738598 ], [ -63.250621219414164, -32.429617913493345 ], [ -63.250610018545729, -32.429606208446252 ], [ -63.250549213937532, -32.429543181259703 ], [ -63.250547091354534, -32.429544989893877 ], [ -63.250448996976061, -32.429459934788255 ], [ -63.250465979254891, -32.429446820160564 ], [ -63.250381185833028, -32.429363092090021 ], [ -63.250508046316057, -32.429273079148111 ], [ -63.250423254265264, -32.429189801978247 ], [ -63.250509263176355, -32.429135954882021 ], [ -63.250467129359279, -32.429093188137124 ], [ -63.25042874775091, -32.429060788616432 ], [ -63.250473849170412, -32.429022809889993 ], [ -63.25051313173649, -32.428996119171579 ], [ -63.250370194043995, -32.42884980943343 ], [ -63.250298000388099, -32.428899118407493 ], [ -63.250206810026803, -32.4288099905827 ], [ -63.250140151279993, -32.428745170402131 ], [ -63.250112945909706, -32.428715905637389 ], [ -63.250051067800747, -32.428648820626222 ], [ -63.250013205706658, -32.428611909362843 ], [ -63.249979049880842, -32.42856912661675 ], [ -63.249914832504437, -32.428617967766378 ], [ -63.249862819259576, -32.428656861759684 ], [ -63.249792223897146, -32.428707069933125 ], [ -63.249575752482428, -32.428509033373146 ], [ -63.249688807497257, -32.428427167100288 ], [ -63.249601881994288, -32.428341187421466 ], [ -63.249562944727941, -32.428300218446225 ], [ -63.249542144661795, -32.428279059372741 ], [ -63.249503202302876, -32.428235835097574 ], [ -63.249431196367865, -32.428160200447735 ], [ -63.249724167968907, -32.427942209450755 ], [ -63.249599921799366, -32.427822925246645 ], [ -63.249504978540173, -32.427722076093282 ], [ -63.249305962002133, -32.427874928128929 ], [ -63.249207807339459, -32.427766868355292 ], [ -63.249156079098569, -32.42771600072858 ], [ -63.248749922574994, -32.428005227214349 ], [ -63.248591112755435, -32.427851081646267 ], [ -63.248403235418351, -32.427993986455114 ], [ -63.248164837937907, -32.427749983084439 ], [ -63.24801620962166, -32.427854019170006 ], [ -63.247763213445552, -32.427593783307771 ], [ -63.247459904250981, -32.4272669329576 ], [ -63.247505025744594, -32.427236171995155 ], [ -63.24760586572539, -32.427160195689844 ], [ -63.247451676847803, -32.427012243653401 ], [ -63.247362063670252, -32.42707813149277 ], [ -63.247067175286162, -32.426789130163634 ], [ -63.246827810827334, -32.426969120933144 ], [ -63.246632066822563, -32.426762017451281 ], [ -63.246876203165918, -32.426577056235878 ], [ -63.246709827962391, -32.426413196728895 ], [ -63.246789978053727, -32.426356206574532 ], [ -63.24658624605707, -32.426145058938708 ], [ -63.246509809752936, -32.426198884650596 ], [ -63.246134912810199, -32.42582117945966 ], [ -63.245898200622527, -32.425998005356853 ], [ -63.245684867625833, -32.425775147643058 ], [ -63.245930100751494, -32.425602816092322 ], [ -63.245732769558579, -32.42539706778804 ], [ -63.245881912196793, -32.425287169235503 ], [ -63.245734184013699, -32.425134097584269 ], [ -63.245662809435878, -32.42518614998356 ], [ -63.245466840029216, -32.424997045911901 ], [ -63.245399966099157, -32.425046792621416 ], [ -63.245306107051782, -32.424950899588268 ], [ -63.24506780085192, -32.425128178831265 ], [ -63.244866744286703, -32.424920180198512 ], [ -63.245111938860013, -32.424733867660677 ], [ -63.244900780898583, -32.42452679137714 ], [ -63.244966063743341, -32.424478852436941 ], [ -63.244847151398289, -32.42436090571141 ], [ -63.244723084633591, -32.424303862688596 ], [ -63.244490082055499, -32.424081041076796 ], [ -63.244466199358044, -32.424099129763178 ], [ -63.244179071000943, -32.424314841147101 ], [ -63.24428090656378, -32.424411170447556 ], [ -63.244212960858178, -32.424458212439419 ], [ -63.244222026580253, -32.424467216037129 ], [ -63.244102085634978, -32.424559915480764 ], [ -63.244259921910079, -32.424715224766253 ], [ -63.244066243028556, -32.42487617676769 ], [ -63.243985195563596, -32.42479784938643 ], [ -63.243919880405294, -32.424834060539482 ], [ -63.24385193905043, -32.424882906740962 ], [ -63.243840206978355, -32.424871202107035 ], [ -63.243779160132917, -32.424912817267419 ], [ -63.243879948527301, -32.425015013029665 ], [ -63.243912862123679, -32.424992847265457 ], [ -63.243939037745562, -32.425036098022666 ], [ -63.244008899434952, -32.42510813209573 ], [ -63.243929816741606, -32.425166922841619 ], [ -63.244009820867753, -32.42525291990745 ], [ -63.243873944689312, -32.425352867645401 ], [ -63.243981136907358, -32.425463169433144 ], [ -63.24384420096446, -32.425564922701462 ], [ -63.243887938034121, -32.425612199180321 ], [ -63.243945001087198, -32.425671177180831 ], [ -63.244059129261807, -32.42559202091293 ], [ -63.244145111698167, -32.425527803475681 ], [ -63.244221908795396, -32.425607943396258 ], [ -63.244291237116869, -32.425679076582028 ], [ -63.244347234829526, -32.425737153806622 ], [ -63.244416030526878, -32.425807837076597 ], [ -63.244480257421387, -32.425762155735278 ], [ -63.244545013267, -32.425715119798276 ], [ -63.24460100264313, -32.425770039877015 ], [ -63.244654864603746, -32.42582496496324 ], [ -63.244712990126331, -32.425883037890898 ], [ -63.244760238144316, -32.425851823797188 ], [ -63.244801847278396, -32.425899104088892 ], [ -63.244883969399069, -32.425981036763694 ], [ -63.244903168310671, -32.426000846195237 ], [ -63.245002909380865, -32.426108003630617 ], [ -63.244929142234248, -32.426165882901742 ], [ -63.244853782760742, -32.426225117858316 ], [ -63.244920970990357, -32.426290842506958 ], [ -63.244840827239337, -32.426350988511842 ], [ -63.244909082427213, -32.426418063725819 ], [ -63.244817789847573, -32.426484998165286 ], [ -63.244738178529893, -32.42654514306907 ], [ -63.244806977739039, -32.426617178741097 ], [ -63.244887121746885, -32.426557032759042 ], [ -63.244908883596501, -32.426541203413088 ], [ -63.244980868629135, -32.426610977504758 ], [ -63.245026193090865, -32.426655092540962 ], [ -63.245085103263783, -32.426609872114994 ], [ -63.24515091529554, -32.426560127647441 ], [ -63.245252226477682, -32.426657810674371 ], [ -63.245300221200353, -32.426705980118648 ], [ -63.245348212312074, -32.426752796917128 ], [ -63.245393005411799, -32.426796912854478 ], [ -63.24547086286838, -32.426874794634102 ], [ -63.245667244179621, -32.426729171414081 ], [ -63.245763804947764, -32.426839943258791 ], [ -63.245834180130586, -32.426903855878201 ], [ -63.245851239697586, -32.426919158752312 ], [ -63.24584274662363, -32.426925039445116 ], [ -63.24586193003573, -32.426938984637488 ], [ -63.245846010778337, -32.426952096575938 ], [ -63.245814163683782, -32.426975162514061 ], [ -63.245753127349701, -32.427020838303427 ], [ -63.245764857661804, -32.427032091879148 ], [ -63.245774940535533, -32.427023952798493 ], [ -63.245838930877738, -32.427086976112783 ], [ -63.245740203550142, -32.427157985426597 ], [ -63.24578181363799, -32.427204814501771 ], [ -63.245829262796342, -32.427248023341853 ], [ -63.245775117218272, -32.427285115405887 ], [ -63.245735833984902, -32.427311804657343 ], [ -63.245648247594495, -32.427372868341969 ], [ -63.245577123085511, -32.427424878711108 ], [ -63.245604854556397, -32.427452790807294 ], [ -63.245702972799847, -32.427549125240901 ], [ -63.245814974257911, -32.427469971551254 ], [ -63.245897096276316, -32.42755100178276 ], [ -63.245961091975225, -32.427615829431453 ], [ -63.245995218773359, -32.427649141292974 ], [ -63.246049081311881, -32.427703163102301 ], [ -63.24613613261927, -32.427641198431601 ], [ -63.24621310074857, -32.427586921037246 ], [ -63.246303765380176, -32.427680112518118 ], [ -63.246345885544166, -32.427718820994599 ], [ -63.246351755073171, -32.427726026269205 ], [ -63.246393153570523, -32.427694823009418 ], [ -63.246497160863321, -32.427805128827494 ], [ -63.246602763096995, -32.42791497965532 ], [ -63.246521015599761, -32.427971973708438 ], [ -63.246588751616983, -32.428043107806758 ], [ -63.246652754296825, -32.428110190374163 ], [ -63.246718896892858, -32.428181779299678 ], [ -63.246638742695289, -32.428237867649408 ], [ -63.246560178349036, -32.428292148423097 ], [ -63.246475244606003, -32.428350952191565 ], [ -63.246525918451724, -32.428405881783213 ], [ -63.246572856448125, -32.428455857205748 ], [ -63.246670997685946, -32.428559860251355 ], [ -63.246872196892618, -32.428425050429205 ], [ -63.246924749228533, -32.428388862778206 ], [ -63.246988752401897, -32.428455945168828 ], [ -63.247060757776211, -32.428532032997154 ], [ -63.247131162252856, -32.428605867730745 ], [ -63.247211840706349, -32.42854707187329 ], [ -63.247317976297708, -32.428656921938746 ], [ -63.247322242481751, -32.428660973267604 ], [ -63.24731693274974, -32.428664140738206 ], [ -63.24746997912456, -32.428814042929773 ], [ -63.247456178705789, -32.428823992957511 ], [ -63.247470046874909, -32.428838850996762 ], [ -63.247489245727444, -32.428858209144082 ], [ -63.24751591145025, -32.428885220246535 ], [ -63.24758524117162, -32.428954998029795 ], [ -63.247518889735773, -32.429002037740666 ], [ -63.247590889828039, -32.429075869976408 ], [ -63.247467219978731, -32.429166775479288 ], [ -63.247402992369032, -32.429212910102372 ], [ -63.247346198161175, -32.429254067736892 ], [ -63.247329215463886, -32.429267181946472 ], [ -63.247338815002337, -32.429277086018303 ], [ -63.247354816945332, -32.429294195170428 ], [ -63.247406014859699, -32.429345966321428 ], [ -63.247420951110271, -32.429362174900433 ], [ -63.247450815174197, -32.42939188590104 ], [ -63.247499885460094, -32.429443210314133 ], [ -63.247506817215211, -32.429449962567688 ], [ -63.247579888135853, -32.429526047990251 ], [ -63.247657915309908, -32.429469963233046 ], [ -63.247740197526511, -32.429413870059662 ], [ -63.247741777439366, -32.429408003737969 ], [ -63.247820862728943, -32.42935011238562 ], [ -63.247873125256383, -32.429401881251167 ], [ -63.247925931811643, -32.429458159605105 ], [ -63.248009130654225, -32.429542795129947 ], [ -63.248022997787828, -32.429557201328571 ], [ -63.248077925926715, -32.429611220149297 ], [ -63.248101924200483, -32.429635079329962 ], [ -63.248196932367456, -32.429564978175456 ], [ -63.2482902626992, -32.429659065591018 ], [ -63.248284955413915, -32.429663134852689 ], [ -63.248306821235211, -32.429685193783904 ], [ -63.24831801687499, -32.429695095535791 ], [ -63.248324953480306, -32.42970320036752 ], [ -63.248350017571639, -32.429727959154903 ], [ -63.248417213583878, -32.429795034505283 ], [ -63.248377932350358, -32.429822175444698 ], [ -63.248337056550795, -32.429850221270677 ], [ -63.248404790284148, -32.429919099978861 ], [ -63.248473054687274, -32.429987977602885 ], [ -63.248426875081272, -32.43002099537695 ], [ -63.248388126794588, -32.430049037925102 ], [ -63.248456932634213, -32.430121071534487 ], [ -63.248525195817479, -32.430189046472712 ], [ -63.248590262237336, -32.430255223268539 ], [ -63.248631864085226, -32.430297991684242 ], [ -63.24866119474818, -32.43032680168875 ], [ -63.248706846504255, -32.430295137505411 ], [ -63.248740821608187, -32.430272066645166 ], [ -63.248755755949183, -32.430287824188461 ], [ -63.24878082014579, -32.430312132009064 ], [ -63.248806953987334, -32.430339143879984 ], [ -63.24887682470829, -32.430411175151896 ], [ -63.24895591261663, -32.430354184845974 ], [ -63.248989881481421, -32.430328858640948 ], [ -63.24903925047289, -32.430294931700118 ], [ -63.249100060743885, -32.430360214888623 ], [ -63.249111793144223, -32.430371919017809 ], [ -63.249161933127745, -32.430425045068432 ], [ -63.249247226866288, -32.43049704562744 ], [ -63.249161242135777, -32.430560814724636 ], [ -63.249238049007396, -32.430640951478637 ], [ -63.249258849546351, -32.430662109690317 ], [ -63.249282850890637, -32.430686870389572 ], [ -63.249321252467134, -32.430726036982769 ], [ -63.249293113796746, -32.430744134990483 ], [ -63.249252766845402, -32.430770827430337 ], [ -63.249241087901943, -32.430778969040865 ], [ -63.249159869720316, -32.430835061078845 ], [ -63.249275082377338, -32.43095616793741 ], [ -63.249267120783685, -32.430962046904341 ], [ -63.249188033961154, -32.431019939154268 ], [ -63.249108953237943, -32.431080086632264 ], [ -63.249068083124776, -32.431109937091925 ], [ -63.249094215865021, -32.431136046244042 ], [ -63.249131011832013, -32.431172058119941 ], [ -63.249199805472799, -32.431239129873113 ], [ -63.249296862168237, -32.431333209138302 ], [ -63.249303260083167, -32.43133906059137 ], [ -63.249325016093024, -32.431320975215137 ], [ -63.249406753648948, -32.43125992058831 ], [ -63.249486903813221, -32.431202026097161 ], [ -63.249544757624307, -32.431159060998226 ], [ -63.249581905082081, -32.43112921775996 ], [ -63.249612162722904, -32.431107957543063 ], [ -63.249651086493152, -32.431143965050474 ], [ -63.249671884759572, -32.431164221440895 ], [ -63.249682017457872, -32.431174125174905 ], [ -63.249736946504392, -32.431228143250799 ], [ -63.249770010110645, -32.431260102635683 ], [ -63.24979613936668, -32.43128485901488 ], [ -63.249813205403896, -32.431301965736857 ], [ -63.249870264707937, -32.431356881283854 ], [ -63.249873999495534, -32.431360933577885 ], [ -63.249876124621196, -32.431360026705612 ], [ -63.249979998507257, -32.431418909937918 ], [ -63.249907825172478, -32.431476788014443 ], [ -63.250066190219258, -32.431623067582755 ], [ -63.25013711145295, -32.431690134592777 ], [ -63.250059091390099, -32.431748927020095 ], [ -63.250026185396258, -32.431773800521285 ], [ -63.250200028871902, -32.431939895919278 ], [ -63.250162873816663, -32.431967033184293 ], [ -63.250052997218965, -32.432046186470451 ], [ -63.250022061918244, -32.432014222940857 ], [ -63.249998177008038, -32.432031861782924 ], [ -63.249909006664325, -32.432097892989262 ], [ -63.249809227506631, -32.432173868083744 ], [ -63.249843886416798, -32.432205825181519 ], [ -63.249967057182616, -32.432318796186401 ], [ -63.249954852683423, -32.432329194193848 ], [ -63.250038056066685, -32.432413828317785 ], [ -63.249954736657486, -32.432479847940002 ], [ -63.249884155976751, -32.432536821080525 ], [ -63.249764752892361, -32.432633133567862 ], [ -63.249852209184468, -32.432716856721029 ], [ -63.249739139044905, -32.432795114306515 ], [ -63.249735938335682, -32.432791962705814 ], [ -63.249556020405301, -32.432930794567675 ], [ -63.249436075048415, -32.433023949868264 ], [ -63.249182187729588, -32.432761937020231 ], [ -63.249097800536312, -32.432827055530161 ], [ -63.249081880721263, -32.432840167868015 ], [ -63.249016066323613, -32.432889914351335 ], [ -63.248988999958648, -32.432911168113471 ], [ -63.248936984925116, -32.432950061709981 ], [ -63.248959917475808, -32.432973020160539 ], [ -63.248873917638569, -32.43303182761781 ], [ -63.248935792937701, -32.433097108748065 ], [ -63.248983802960709, -32.433148885517326 ], [ -63.248905782133555, -32.433208128101647 ], [ -63.248828815832027, -32.433264211510149 ], [ -63.248841082704516, -32.433276817259163 ], [ -63.24892483103207, -32.433365960706311 ], [ -63.248971769392369, -32.433415033428567 ], [ -63.249008040615067, -32.433452850773598 ], [ -63.248908768734331, -32.433521156520001 ], [ -63.248842941184947, -32.433565941479486 ], [ -63.248754826839772, -32.433630165361969 ], [ -63.248728155629841, -32.433601801925725 ], [ -63.24865702414624, -32.433652009593636 ], [ -63.248592262328401, -32.433698144950512 ], [ -63.248525904254272, -32.433743833447544 ], [ -63.248454239831283, -32.433794042051936 ], [ -63.248399832973256, -32.433736864465523 ], [ -63.248349154993093, -32.433681935694331 ], [ -63.248295812809587, -32.433625207741798 ], [ -63.248241940277417, -32.433568931688605 ], [ -63.248164064948568, -32.433487894719114 ], [ -63.2480987526449, -32.43352681416328 ], [ -63.247998926119138, -32.433587001786542 ], [ -63.248259738158723, -32.433853063041973 ], [ -63.248273012540622, -32.43384491747878 ], [ -63.248301816302856, -32.433875082120316 ], [ -63.24822113895636, -32.433936133924824 ], [ -63.248090980423271, -32.433796110633359 ], [ -63.247912104169004, -32.433929073974596 ], [ -63.248020895172438, -32.434034858406491 ], [ -63.24801080925721, -32.434042095910613 ], [ -63.247948182979407, -32.434090932897206 ], [ -63.247877065659424, -32.434147004207368 ], [ -63.247963995141511, -32.434232984977768 ], [ -63.248014127962307, -32.434282953516977 ], [ -63.247766234608292, -32.43446206094513 ], [ -63.247686063371695, -32.434514090252925 ], [ -63.247567181899775, -32.434608143425287 ], [ -63.247521001020822, -32.434642063510005 ], [ -63.247457015231696, -32.434583100836036 ], [ -63.247436753084841, -32.434564196572708 ], [ -63.247407958012623, -32.434537189664859 ], [ -63.247378099644536, -32.434510184838416 ], [ -63.247315177351538, -32.434451219100339 ], [ -63.24729491666195, -32.434433216565623 ], [ -63.247231994311967, -32.434373800809375 ], [ -63.247164810522165, -32.434312138093489 ], [ -63.247033151577853, -32.434402156135604 ], [ -63.247026779420594, -32.434405777454792 ], [ -63.246981122719255, -32.434436990148654 ], [ -63.246863265824103, -32.434517058039845 ], [ -63.246485663157031, -32.434172322547994 ], [ -63.246238201496567, -32.434357125226484 ], [ -63.24647346382082, -32.434573355920442 ], [ -63.246591041544598, -32.434681606917373 ], [ -63.24666604090671, -32.434748837396185 ], [ -63.246635257066295, -32.434772803193496 ], [ -63.246528049293069, -32.434857812274977 ], [ -63.246602162550147, -32.434924874993953 ], [ -63.246697074410832, -32.435012194536171 ], [ -63.246757857932984, -32.435067104165654 ], [ -63.246813843403352, -32.435117964368054 ], [ -63.2468250432415, -32.435129218866543 ], [ -63.246829840139632, -32.435132817388052 ], [ -63.246726871567972, -32.435211954216562 ], [ -63.246704049722496, -32.435230041224607 ], [ -63.246687065817355, -32.435243155341077 ], [ -63.246661057839965, -32.43526305299212 ], [ -63.246568139549119, -32.435321872411784 ], [ -63.246390895807906, -32.435470166523395 ], [ -63.246544969973563, -32.4356029270837 ], [ -63.246541792434776, -32.435607894757375 ], [ -63.246613787196765, -32.435678118649278 ], [ -63.246540021926727, -32.435739155834987 ], [ -63.246581096137611, -32.435782827673599 ], [ -63.246618961087009, -32.435820191695349 ], [ -63.24671123679709, -32.435916086649272 ], [ -63.246744841327384, -32.435951202786185 ], [ -63.246358981337579, -32.43625191139089 ], [ -63.246458157191384, -32.436341928917422 ], [ -63.246536005404046, -32.436413044047576 ], [ -63.246585030056728, -32.436446777410872 ], [ -63.246760164848311, -32.436304802163413 ], [ -63.246841895098697, -32.436238787791289 ], [ -63.246929991367729, -32.436166896776186 ], [ -63.247369933234744, -32.436584164558624 ], [ -63.247429908124694, -32.436537136590175 ], [ -63.247282215503624, -32.436404815490086 ], [ -63.247351222005065, -32.436354161907381 ], [ -63.247495193135052, -32.436486941116968 ], [ -63.247644867422224, -32.436371175468977 ], [ -63.247720048551272, -32.436439138064934 ], [ -63.247773894103624, -32.436485039678509 ], [ -63.247812825471378, -32.436522852114514 ], [ -63.247875211862912, -32.436580013321432 ], [ -63.247953232381725, -32.436518966986398 ], [ -63.248019008001855, -32.43645388501421 ], [ -63.248207212287824, -32.43661815033574 ], [ -63.248250212724862, -32.436587845097606 ], [ -63.248285782826457, -32.436563868576101 ], [ -63.248330906174353, -32.436532205592293 ], [ -63.248448753238506, -32.436448076670061 ], [ -63.248596262435726, -32.436318783337846 ], [ -63.248494947928833, -32.436225162897756 ], [ -63.24863977873688, -32.436089108930304 ], [ -63.2487369149259, -32.436017198810234 ], [ -63.24884890914538, -32.436126134100995 ], [ -63.249121208833763, -32.435923972556274 ], [ -63.249066814087875, -32.435872208491254 ], [ -63.248922959427155, -32.435975785232444 ], [ -63.248846140844286, -32.435892942224186 ], [ -63.24898521934221, -32.435792983832258 ], [ -63.248920156241745, -32.435729964347537 ], [ -63.249131942176028, -32.435572126350664 ], [ -63.24900926370232, -32.43544607277105 ], [ -63.249003952394467, -32.435448789436137 ], [ -63.248933001767611, -32.435371798983859 ], [ -63.249101783640349, -32.435242913881396 ], [ -63.248868739559065, -32.435019199195906 ], [ -63.248922877304913, -32.434978045251718 ], [ -63.248944034056677, -32.43499770407783 ], [ -63.249162979909435, -32.434830654868733 ], [ -63.249293268769833, -32.434726695292028 ], [ -63.249108914860187, -32.434547820004902 ], [ -63.249087047839261, -32.434526212113731 ], [ -63.249159231559993, -32.434471040672392 ], [ -63.249244154366231, -32.434406821927219 ], [ -63.249400771222291, -32.434303220436682 ], [ -63.249129801736423, -32.434020041108752 ], [ -63.249221115858191, -32.433958967680908 ], [ -63.249467891962084, -32.433761817288399 ], [ -63.249560763276271, -32.433687208795305 ], [ -63.249629756492112, -32.433632945155473 ], [ -63.249679109812725, -32.43359315479762 ], [ -63.249687108899664, -32.433600806564762 ], [ -63.249699846493741, -32.433590858405488 ], [ -63.249765134343711, -32.433542917025676 ], [ -63.249873946147453, -32.43346286345875 ], [ -63.249972142911723, -32.433390950263586 ], [ -63.250027875199763, -32.433349793575786 ], [ -63.250069806809769, -32.433319038951105 ], [ -63.2501738408912, -32.433242152554122 ], [ -63.250107170167681, -32.43317417448916 ], [ -63.250187792184242, -32.433094177516502 ], [ -63.250195758884551, -32.433090101992796 ], [ -63.250323110101711, -32.432982948642703 ], [ -63.250322044312909, -32.432982048103852 ], [ -63.250363963188782, -32.432946782827088 ], [ -63.250471171326048, -32.432864025760878 ], [ -63.250506199004775, -32.432836892638477 ], [ -63.250543872237841, -32.432804792788566 ], [ -63.250605951914672, -32.432750993237839 ], [ -63.250665941493224, -32.432711180428598 ], [ -63.250804052651162, -32.432840810552044 ], [ -63.250881909971589, -32.43291508006071 ], [ -63.250953897181972, -32.432982144469356 ], [ -63.251007235641673, -32.433037066894016 ], [ -63.251087926553424, -32.432981877389814 ], [ -63.251174986753462, -32.432922164555684 ], [ -63.251187196378041, -32.43291402080839 ], [ -63.251246945415311, -32.432978854162243 ], [ -63.251305089959693, -32.433040983619385 ], [ -63.251362172353531, -32.433103116070008 ], [ -63.251422991196584, -32.43317020249205 ], [ -63.251477938768524, -32.433230082958524 ], [ -63.251579807166145, -32.433331819339543 ], [ -63.251777228047274, -32.433175809965093 ], [ -63.251843942646481, -32.43325912229858 ], [ -63.251917007934509, -32.433331145450303 ], [ -63.252008208124685, -32.433421174591629 ], [ -63.251928059073386, -32.433479972420315 ], [ -63.251847912234595, -32.433539221070774 ], [ -63.25193592555145, -32.433631061043897 ], [ -63.251991929327858, -32.433687782123862 ], [ -63.252069804662597, -32.433767914057121 ], [ -63.252100205678069, -32.433798074630616 ], [ -63.252139145402808, -32.433839042770558 ], [ -63.252394977223375, -32.433649086179194 ], [ -63.252460053986297, -32.433717065314816 ], [ -63.252021118563619, -32.434047216400245 ], [ -63.252087793872342, -32.434116095182212 ], [ -63.252174839425891, -32.434050968461897 ], [ -63.252262945649804, -32.433984937802286 ], [ -63.252349988439541, -32.433918909211073 ], [ -63.252434912225667, -32.433856041849353 ], [ -63.252527180732045, -32.433947872874803 ], [ -63.2526242525892, -32.434045106530064 ], [ -63.25290479467234, -32.434324199388982 ], [ -63.252823047928963, -32.434382099232302 ], [ -63.252847057529422, -32.434409114503985 ], [ -63.25290198519577, -32.434460875874862 ], [ -63.25297879510655, -32.434540107616279 ], [ -63.253057207289395, -32.43462114050174 ], [ -63.253136150206778, -32.434702172270391 ], [ -63.253210833699086, -32.43478095726185 ], [ -63.25326576451716, -32.434834071095359 ], [ -63.253289776893453, -32.43486198893077 ] ] ] } },
{ "type": "Feature", "properties": { "desig": "ZCenA", "id": 11.0, "layer": "2026 - Zona Central en Altura", "name": "Central en Altura", "fos": "70", "fot": "3.5", "h_max_1": "Planta Baja + 2 Pisos. Alt. Max: 10,50", "h_max_2": "3 plantas + 3 plantas adic en forma de torre (Alt. Max: 21,0)", "ret_1": "Sin Retiro", "ret_2": "A partir de 3er Planta, retiro de 4,0 m a c/ E.M.", "ancho_min": "10,0", "sup_min": "250", "u_perm": "Uso de suelo mixto residencial de baja y alta densidad, comercial barrial, pymes y servicios, turismo, deportivo, recreativo e institucional.", "u_cond": "Comerciales de grandes superficies.", "u_no_conf": "Rurales, productivos e industriales.", "link1": "codigo_edificacion.pdf", "link2": "codigo_fraccionamiento.pdf", "link3": "codigo_urbano_rural.pdf", "link4": "anexo_grafico.pdf", "link5": "planilla_usos.pdf", "link6": "https://villanueva.gob.ar/obras-privadas/" }, "geometry": { "type": "Polygon", "coordinates": [ [ [ -63.24854576369551, -32.427798848547305 ], [ -63.245907140339007, -32.424980851114633 ], [ -63.246629876328917, -32.424198205413958 ], [ -63.246583032561446, -32.424182059177902 ], [ -63.246248218362467, -32.424069949391573 ], [ -63.245564760784994, -32.423843949676851 ], [ -63.245745772595271, -32.423720006509974 ], [ -63.244863205915472, -32.423216990127031 ], [ -63.244592882309789, -32.422958156496065 ], [ -63.244515130143007, -32.422918163016156 ], [ -63.244338174448373, -32.423362799071292 ], [ -63.244526933383064, -32.423547817770704 ], [ -63.244316213347282, -32.423698880322405 ], [ -63.244366875973675, -32.42375110468496 ], [ -63.244218799619645, -32.423861901158354 ], [ -63.244466199358044, -32.424099129763178 ], [ -63.244490082055499, -32.424081041076796 ], [ -63.244723084633591, -32.424303862688596 ], [ -63.244847151398289, -32.42436090571141 ], [ -63.244966063743341, -32.424478852436941 ], [ -63.244900780898583, -32.42452679137714 ], [ -63.245111938860013, -32.424733867660677 ], [ -63.244866744286703, -32.424920180198512 ], [ -63.24506780085192, -32.425128178831265 ], [ -63.245306107051782, -32.424950899588268 ], [ -63.245399966099157, -32.425046792621416 ], [ -63.245466840029216, -32.424997045911901 ], [ -63.245662809435878, -32.42518614998356 ], [ -63.245734184013699, -32.425134097584269 ], [ -63.245881912196793, -32.425287169235503 ], [ -63.245732769558579, -32.42539706778804 ], [ -63.245930100751494, -32.425602816092322 ], [ -63.245684867625833, -32.425775147643058 ], [ -63.245898200622527, -32.425998005356853 ], [ -63.246134912810199, -32.42582117945966 ], [ -63.246509809752936, -32.426198884650596 ], [ -63.24658624605707, -32.426145058938708 ], [ -63.246789978053727, -32.426356206574532 ], [ -63.246709827962391, -32.426413196728895 ], [ -63.246876203165918, -32.426577056235878 ], [ -63.246632066822563, -32.426762017451281 ], [ -63.246827810827334, -32.426969120933144 ], [ -63.247067175286162, -32.426789130163634 ], [ -63.247362063670252, -32.42707813149277 ], [ -63.247451676847803, -32.427012243653401 ], [ -63.24760586572539, -32.427160195689844 ], [ -63.247505025744594, -32.427236171995155 ], [ -63.247459904250981, -32.4272669329576 ], [ -63.247763213445552, -32.427593783307771 ], [ -63.24801620962166, -32.427854019170006 ], [ -63.248164837937907, -32.427749983084439 ], [ -63.248403235418351, -32.427993986455114 ], [ -63.248591112755435, -32.427851081646267 ], [ -63.248749922574994, -32.428005227214349 ], [ -63.249156079098569, -32.42771600072858 ], [ -63.249207807339459, -32.427766868355292 ], [ -63.249305962002133, -32.427874928128929 ], [ -63.249504978540173, -32.427722076093282 ], [ -63.249599921799366, -32.427822925246645 ], [ -63.249698117673191, -32.427752816633152 ], [ -63.249500775733537, -32.427547976116927 ], [ -63.249712014980737, -32.427391942495305 ], [ -63.249641075260172, -32.427317207596282 ], [ -63.250034846395501, -32.427010157958456 ], [ -63.250106833241077, -32.427079027343872 ], [ -63.250584646763606, -32.426721618281576 ], [ -63.250588697976191, -32.426725577949377 ], [ -63.25089635954545, -32.426482393283948 ], [ -63.250939980163515, -32.426448115429423 ], [ -63.250883018685407, -32.426399993951158 ], [ -63.251146265645204, -32.426205965254404 ], [ -63.251200138065791, -32.426263142796806 ], [ -63.251267005931091, -32.426212039501237 ], [ -63.251423778024154, -32.426361929510016 ], [ -63.251582992550617, -32.42624208121812 ], [ -63.251626005924891, -32.426218991522411 ], [ -63.251617994805045, -32.426206828407182 ], [ -63.252098235651275, -32.425826077606395 ], [ -63.251936534152954, -32.425716287647937 ], [ -63.251983602307952, -32.425676761530241 ], [ -63.252204801173747, -32.425515986701917 ], [ -63.252483146432169, -32.425780200974174 ], [ -63.252914213116739, -32.42544134288481 ], [ -63.253748634683831, -32.42487742107204 ], [ -63.253866869147188, -32.424804036039184 ], [ -63.253840808649997, -32.423854159715091 ], [ -63.24854576369551, -32.427798848547305 ] ] ] } },
{ "type": "Feature", "properties": { "desig": "ZCenR", "id": 19.0, "layer": "2026 - Zona Central Residencial", "name": "Central Residencial", "fos": "70", "fot": "1.5", "h_max_1": "Planta Baja + 1 Piso superior Alt. Max: 7,00", "h_max_2": null, "ret_1": "Sin Retiro", "ret_2": null, "ancho_min": "10,0", "sup_min": "250", "u_perm": "Uso de suelo mixto, residencial, comercial barrial, pymes y servicios, turismo e institucional.", "u_cond": "Deportivo y recreativo. Comercios de grandes superficies.", "u_no_conf": "Rurales, productivos e industriales.", "link1": "codigo_edificacion.pdf", "link2": "codigo_fraccionamiento.pdf", "link3": "codigo_urbano_rural.pdf", "link4": "anexo_grafico.pdf", "link5": "planilla_usos.pdf", "link6": "https://villanueva.gob.ar/obras-privadas/" }, "geometry": { "type": "MultiPolygon", "coordinates": [ [ [ [ -63.253197649207358, -32.435062746013557 ], [ -63.253369244119426, -32.434939861550092 ], [ -63.253289776893453, -32.43486198893077 ], [ -63.25326576451716, -32.434834071095359 ], [ -63.253210833699086, -32.43478095726185 ], [ -63.253136150206778, -32.434702172270391 ], [ -63.253057207289395, -32.43462114050174 ], [ -63.25297879510655, -32.434540107616279 ], [ -63.25290198519577, -32.434460875874862 ], [ -63.252847057529422, -32.434409114503985 ], [ -63.252823047928963, -32.434382099232302 ], [ -63.25290479467234, -32.434324199388982 ], [ -63.2526242525892, -32.434045106530064 ], [ -63.252527180732045, -32.433947872874803 ], [ -63.252434912225667, -32.433856041849353 ], [ -63.252349988439541, -32.433918909211073 ], [ -63.252262945649804, -32.433984937802286 ], [ -63.252174839425891, -32.434050968461897 ], [ -63.252087793872342, -32.434116095182212 ], [ -63.252021118563619, -32.434047216400245 ], [ -63.252460053986297, -32.433717065314816 ], [ -63.252394977223375, -32.433649086179194 ], [ -63.252139145402808, -32.433839042770558 ], [ -63.252100205678069, -32.433798074630616 ], [ -63.252069804662597, -32.433767914057121 ], [ -63.251991929327858, -32.433687782123862 ], [ -63.25193592555145, -32.433631061043897 ], [ -63.251847912234595, -32.433539221070774 ], [ -63.251928059073386, -32.433479972420315 ], [ -63.252008208124685, -32.433421174591629 ], [ -63.251917007934509, -32.433331145450303 ], [ -63.251843942646481, -32.43325912229858 ], [ -63.251777228047274, -32.433175809965093 ], [ -63.251579807166145, -32.433331819339543 ], [ -63.251477938768524, -32.433230082958524 ], [ -63.251422991196584, -32.43317020249205 ], [ -63.251362172353531, -32.433103116070008 ], [ -63.251305089959693, -32.433040983619385 ], [ -63.251246945415311, -32.432978854162243 ], [ -63.251187196378041, -32.43291402080839 ], [ -63.251174986753462, -32.432922164555684 ], [ -63.251087926553424, -32.432981877389814 ], [ -63.251007235641673, -32.433037066894016 ], [ -63.250953897181972, -32.432982144469356 ], [ -63.250881909971589, -32.43291508006071 ], [ -63.250804052651162, -32.432840810552044 ], [ -63.250665941493224, -32.432711180428598 ], [ -63.250605951914672, -32.432750993237839 ], [ -63.250543872237841, -32.432804792788566 ], [ -63.250506199004775, -32.432836892638477 ], [ -63.250471171326048, -32.432864025760878 ], [ -63.250363963188782, -32.432946782827088 ], [ -63.250322044312909, -32.432982048103852 ], [ -63.250323110101711, -32.432982948642703 ], [ -63.250195758884551, -32.433090101992796 ], [ -63.250187792184242, -32.433094177516502 ], [ -63.250107170167681, -32.43317417448916 ], [ -63.2501738408912, -32.433242152554122 ], [ -63.250069806809769, -32.433319038951105 ], [ -63.250027875199763, -32.433349793575786 ], [ -63.249972142911723, -32.433390950263586 ], [ -63.249873946147453, -32.43346286345875 ], [ -63.249765134343711, -32.433542917025676 ], [ -63.249699846493741, -32.433590858405488 ], [ -63.249687108899664, -32.433600806564762 ], [ -63.249679109812725, -32.43359315479762 ], [ -63.249629756492112, -32.433632945155473 ], [ -63.249560763276271, -32.433687208795305 ], [ -63.249467891962084, -32.433761817288399 ], [ -63.249221115858191, -32.433958967680908 ], [ -63.249129801736423, -32.434020041108752 ], [ -63.249400771222291, -32.434303220436682 ], [ -63.249244154366231, -32.434406821927219 ], [ -63.249159231559993, -32.434471040672392 ], [ -63.249087047839261, -32.434526212113731 ], [ -63.249108914860187, -32.434547820004902 ], [ -63.249293268769833, -32.434726695292028 ], [ -63.249162979909435, -32.434830654868733 ], [ -63.248944034056677, -32.43499770407783 ], [ -63.248922877304913, -32.434978045251718 ], [ -63.248868739559065, -32.435019199195906 ], [ -63.249101783640349, -32.435242913881396 ], [ -63.248933001767611, -32.435371798983859 ], [ -63.249003952394467, -32.435448789436137 ], [ -63.24900926370232, -32.43544607277105 ], [ -63.249131942176028, -32.435572126350664 ], [ -63.248920156241745, -32.435729964347537 ], [ -63.24898521934221, -32.435792983832258 ], [ -63.248846140844286, -32.435892942224186 ], [ -63.248922959427155, -32.435975785232444 ], [ -63.249066814087875, -32.435872208491254 ], [ -63.249121208833763, -32.435923972556274 ], [ -63.24884890914538, -32.436126134100995 ], [ -63.2487369149259, -32.436017198810234 ], [ -63.24863977873688, -32.436089108930304 ], [ -63.248494947928833, -32.436225162897756 ], [ -63.248596262435726, -32.436318783337846 ], [ -63.248448753238506, -32.436448076670061 ], [ -63.248330906174353, -32.436532205592293 ], [ -63.248285782826457, -32.436563868576101 ], [ -63.248250212724862, -32.436587845097606 ], [ -63.248207212287824, -32.43661815033574 ], [ -63.248019008001855, -32.43645388501421 ], [ -63.247953232381725, -32.436518966986398 ], [ -63.247875211862912, -32.436580013321432 ], [ -63.247812825471378, -32.436522852114514 ], [ -63.247773894103624, -32.436485039678509 ], [ -63.247720048551272, -32.436439138064934 ], [ -63.247644867422224, -32.436371175468977 ], [ -63.247495193135052, -32.436486941116968 ], [ -63.247351222005065, -32.436354161907381 ], [ -63.247282215503624, -32.436404815490086 ], [ -63.247429908124694, -32.436537136590175 ], [ -63.247369933234744, -32.436584164558624 ], [ -63.246929991367729, -32.436166896776186 ], [ -63.246841895098697, -32.436238787791289 ], [ -63.246760164848311, -32.436304802163413 ], [ -63.246585030056728, -32.436446777410872 ], [ -63.246536005404046, -32.436413044047576 ], [ -63.246458157191384, -32.436341928917422 ], [ -63.246358981337579, -32.43625191139089 ], [ -63.246744841327384, -32.435951202786185 ], [ -63.24671123679709, -32.435916086649272 ], [ -63.246618961087009, -32.435820191695349 ], [ -63.246581096137611, -32.435782827673599 ], [ -63.246540021926727, -32.435739155834987 ], [ -63.246613787196765, -32.435678118649278 ], [ -63.246541792434776, -32.435607894757375 ], [ -63.246544969973563, -32.4356029270837 ], [ -63.246390895807906, -32.435470166523395 ], [ -63.246568139549119, -32.435321872411784 ], [ -63.246661057839965, -32.43526305299212 ], [ -63.246687065817355, -32.435243155341077 ], [ -63.246704049722496, -32.435230041224607 ], [ -63.246726871567972, -32.435211954216562 ], [ -63.246829840139632, -32.435132817388052 ], [ -63.2468250432415, -32.435129218866543 ], [ -63.246813843403352, -32.435117964368054 ], [ -63.246757857932984, -32.435067104165654 ], [ -63.246697074410832, -32.435012194536171 ], [ -63.246602162550147, -32.434924874993953 ], [ -63.246528049293069, -32.434857812274977 ], [ -63.246635257066295, -32.434772803193496 ], [ -63.24666604090671, -32.434748837396185 ], [ -63.246591041544598, -32.434681606917373 ], [ -63.24647346382082, -32.434573355920442 ], [ -63.246238201496567, -32.434357125226484 ], [ -63.246485663157031, -32.434172322547994 ], [ -63.246863265824103, -32.434517058039845 ], [ -63.246981122719255, -32.434436990148654 ], [ -63.247026779420594, -32.434405777454792 ], [ -63.247033151577853, -32.434402156135604 ], [ -63.247164810522165, -32.434312138093489 ], [ -63.247231994311967, -32.434373800809375 ], [ -63.24729491666195, -32.434433216565623 ], [ -63.247315177351538, -32.434451219100339 ], [ -63.247378099644536, -32.434510184838416 ], [ -63.247407958012623, -32.434537189664859 ], [ -63.247436753084841, -32.434564196572708 ], [ -63.247457015231696, -32.434583100836036 ], [ -63.247521001020822, -32.434642063510005 ], [ -63.247567181899775, -32.434608143425287 ], [ -63.247686063371695, -32.434514090252925 ], [ -63.247766234608292, -32.43446206094513 ], [ -63.248014127962307, -32.434282953516977 ], [ -63.247963995141511, -32.434232984977768 ], [ -63.247877065659424, -32.434147004207368 ], [ -63.247948182979407, -32.434090932897206 ], [ -63.24801080925721, -32.434042095910613 ], [ -63.248020895172438, -32.434034858406491 ], [ -63.247912104169004, -32.433929073974596 ], [ -63.248090980423271, -32.433796110633359 ], [ -63.24822113895636, -32.433936133924824 ], [ -63.248301816302856, -32.433875082120316 ], [ -63.248273012540622, -32.43384491747878 ], [ -63.248259738158723, -32.433853063041973 ], [ -63.247998926119138, -32.433587001786542 ], [ -63.2480987526449, -32.43352681416328 ], [ -63.248164064948568, -32.433487894719114 ], [ -63.248241940277417, -32.433568931688605 ], [ -63.248295812809587, -32.433625207741798 ], [ -63.248349154993093, -32.433681935694331 ], [ -63.248399832973256, -32.433736864465523 ], [ -63.248454239831283, -32.433794042051936 ], [ -63.248525904254272, -32.433743833447544 ], [ -63.248592262328401, -32.433698144950512 ], [ -63.24865702414624, -32.433652009593636 ], [ -63.248728155629841, -32.433601801925725 ], [ -63.248754826839772, -32.433630165361969 ], [ -63.248842941184947, -32.433565941479486 ], [ -63.248908768734331, -32.433521156520001 ], [ -63.249008040615067, -32.433452850773598 ], [ -63.248971769392369, -32.433415033428567 ], [ -63.24892483103207, -32.433365960706311 ], [ -63.248841082704516, -32.433276817259163 ], [ -63.248828815832027, -32.433264211510149 ], [ -63.248905782133555, -32.433208128101647 ], [ -63.248983802960709, -32.433148885517326 ], [ -63.248935792937701, -32.433097108748065 ], [ -63.248873917638569, -32.43303182761781 ], [ -63.248959917475808, -32.432973020160539 ], [ -63.248936984925116, -32.432950061709981 ], [ -63.248988999958648, -32.432911168113471 ], [ -63.249016066323613, -32.432889914351335 ], [ -63.249081880721263, -32.432840167868015 ], [ -63.249097800536312, -32.432827055530161 ], [ -63.249182187729588, -32.432761937020231 ], [ -63.249436075048415, -32.433023949868264 ], [ -63.249556020405301, -32.432930794567675 ], [ -63.249735938335682, -32.432791962705814 ], [ -63.249739139044905, -32.432795114306515 ], [ -63.249852209184468, -32.432716856721029 ], [ -63.249764752892361, -32.432633133567862 ], [ -63.249884155976751, -32.432536821080525 ], [ -63.249954736657486, -32.432479847940002 ], [ -63.250038056066685, -32.432413828317785 ], [ -63.249954852683423, -32.432329194193848 ], [ -63.249967057182616, -32.432318796186401 ], [ -63.249843886416798, -32.432205825181519 ], [ -63.249809227506631, -32.432173868083744 ], [ -63.249909006664325, -32.432097892989262 ], [ -63.249998177008038, -32.432031861782924 ], [ -63.250022061918244, -32.432014222940857 ], [ -63.250052997218965, -32.432046186470451 ], [ -63.250162873816663, -32.431967033184293 ], [ -63.250200028871902, -32.431939895919278 ], [ -63.250026185396258, -32.431773800521285 ], [ -63.250059091390099, -32.431748927020095 ], [ -63.25013711145295, -32.431690134592777 ], [ -63.250066190219258, -32.431623067582755 ], [ -63.249907825172478, -32.431476788014443 ], [ -63.249979998507257, -32.431418909937918 ], [ -63.249876124621196, -32.431360026705612 ], [ -63.249873999495534, -32.431360933577885 ], [ -63.249870264707937, -32.431356881283854 ], [ -63.249813205403896, -32.431301965736857 ], [ -63.24979613936668, -32.43128485901488 ], [ -63.249770010110645, -32.431260102635683 ], [ -63.249736946504392, -32.431228143250799 ], [ -63.249682017457872, -32.431174125174905 ], [ -63.249671884759572, -32.431164221440895 ], [ -63.249651086493152, -32.431143965050474 ], [ -63.249612162722904, -32.431107957543063 ], [ -63.249581905082081, -32.43112921775996 ], [ -63.249544757624307, -32.431159060998226 ], [ -63.249486903813221, -32.431202026097161 ], [ -63.249406753648948, -32.43125992058831 ], [ -63.249325016093024, -32.431320975215137 ], [ -63.249303260083167, -32.43133906059137 ], [ -63.249296862168237, -32.431333209138302 ], [ -63.249199805472799, -32.431239129873113 ], [ -63.249131011832013, -32.431172058119941 ], [ -63.249094215865021, -32.431136046244042 ], [ -63.249068083124776, -32.431109937091925 ], [ -63.249108953237943, -32.431080086632264 ], [ -63.249188033961154, -32.431019939154268 ], [ -63.249267120783685, -32.430962046904341 ], [ -63.249275082377338, -32.43095616793741 ], [ -63.249159869720316, -32.430835061078845 ], [ -63.249241087901943, -32.430778969040865 ], [ -63.249252766845402, -32.430770827430337 ], [ -63.249293113796746, -32.430744134990483 ], [ -63.249321252467134, -32.430726036982769 ], [ -63.249282850890637, -32.430686870389572 ], [ -63.249258849546351, -32.430662109690317 ], [ -63.249238049007396, -32.430640951478637 ], [ -63.249161242135777, -32.430560814724636 ], [ -63.249247226866288, -32.43049704562744 ], [ -63.249161933127745, -32.430425045068432 ], [ -63.249111793144223, -32.430371919017809 ], [ -63.249100060743885, -32.430360214888623 ], [ -63.24903925047289, -32.430294931700118 ], [ -63.248989881481421, -32.430328858640948 ], [ -63.24895591261663, -32.430354184845974 ], [ -63.24887682470829, -32.430411175151896 ], [ -63.248806953987334, -32.430339143879984 ], [ -63.24878082014579, -32.430312132009064 ], [ -63.248755755949183, -32.430287824188461 ], [ -63.248740821608187, -32.430272066645166 ], [ -63.248706846504255, -32.430295137505411 ], [ -63.24866119474818, -32.43032680168875 ], [ -63.248631864085226, -32.430297991684242 ], [ -63.248590262237336, -32.430255223268539 ], [ -63.248525195817479, -32.430189046472712 ], [ -63.248456932634213, -32.430121071534487 ], [ -63.248388126794588, -32.430049037925102 ], [ -63.248426875081272, -32.43002099537695 ], [ -63.248473054687274, -32.429987977602885 ], [ -63.248404790284148, -32.429919099978861 ], [ -63.248337056550795, -32.429850221270677 ], [ -63.248377932350358, -32.429822175444698 ], [ -63.248417213583878, -32.429795034505283 ], [ -63.248350017571639, -32.429727959154903 ], [ -63.248324953480306, -32.42970320036752 ], [ -63.24831801687499, -32.429695095535791 ], [ -63.248306821235211, -32.429685193783904 ], [ -63.248284955413915, -32.429663134852689 ], [ -63.2482902626992, -32.429659065591018 ], [ -63.248196932367456, -32.429564978175456 ], [ -63.248101924200483, -32.429635079329962 ], [ -63.248077925926715, -32.429611220149297 ], [ -63.248022997787828, -32.429557201328571 ], [ -63.248009130654225, -32.429542795129947 ], [ -63.247925931811643, -32.429458159605105 ], [ -63.247873125256383, -32.429401881251167 ], [ -63.247820862728943, -32.42935011238562 ], [ -63.247741777439366, -32.429408003737969 ], [ -63.247740197526511, -32.429413870059662 ], [ -63.247657915309908, -32.429469963233046 ], [ -63.247579888135853, -32.429526047990251 ], [ -63.247506817215211, -32.429449962567688 ], [ -63.247499885460094, -32.429443210314133 ], [ -63.247450815174197, -32.42939188590104 ], [ -63.247420951110271, -32.429362174900433 ], [ -63.247406014859699, -32.429345966321428 ], [ -63.247354816945332, -32.429294195170428 ], [ -63.247338815002337, -32.429277086018303 ], [ -63.247329215463886, -32.429267181946472 ], [ -63.247346198161175, -32.429254067736892 ], [ -63.247402992369032, -32.429212910102372 ], [ -63.247467219978731, -32.429166775479288 ], [ -63.247590889828039, -32.429075869976408 ], [ -63.247518889735773, -32.429002037740666 ], [ -63.24758524117162, -32.428954998029795 ], [ -63.24751591145025, -32.428885220246535 ], [ -63.247489245727444, -32.428858209144082 ], [ -63.247470046874909, -32.428838850996762 ], [ -63.247456178705789, -32.428823992957511 ], [ -63.24746997912456, -32.428814042929773 ], [ -63.24731693274974, -32.428664140738206 ], [ -63.247322242481751, -32.428660973267604 ], [ -63.247317976297708, -32.428656921938746 ], [ -63.247211840706349, -32.42854707187329 ], [ -63.247131162252856, -32.428605867730745 ], [ -63.247060757776211, -32.428532032997154 ], [ -63.246988752401897, -32.428455945168828 ], [ -63.246924749228533, -32.428388862778206 ], [ -63.246872196892618, -32.428425050429205 ], [ -63.246670997685946, -32.428559860251355 ], [ -63.246572856448125, -32.428455857205748 ], [ -63.246525918451724, -32.428405881783213 ], [ -63.246475244606003, -32.428350952191565 ], [ -63.246560178349036, -32.428292148423097 ], [ -63.246638742695289, -32.428237867649408 ], [ -63.246718896892858, -32.428181779299678 ], [ -63.246652754296825, -32.428110190374163 ], [ -63.246588751616983, -32.428043107806758 ], [ -63.246521015599761, -32.427971973708438 ], [ -63.246602763096995, -32.42791497965532 ], [ -63.246497160863321, -32.427805128827494 ], [ -63.246393153570523, -32.427694823009418 ], [ -63.246351755073171, -32.427726026269205 ], [ -63.246345885544166, -32.427718820994599 ], [ -63.246303765380176, -32.427680112518118 ], [ -63.24621310074857, -32.427586921037246 ], [ -63.24613613261927, -32.427641198431601 ], [ -63.246049081311881, -32.427703163102301 ], [ -63.245995218773359, -32.427649141292974 ], [ -63.245961091975225, -32.427615829431453 ], [ -63.245897096276316, -32.42755100178276 ], [ -63.245814974257911, -32.427469971551254 ], [ -63.245702972799847, -32.427549125240901 ], [ -63.245604854556397, -32.427452790807294 ], [ -63.245577123085511, -32.427424878711108 ], [ -63.245648247594495, -32.427372868341969 ], [ -63.245735833984902, -32.427311804657343 ], [ -63.245775117218272, -32.427285115405887 ], [ -63.245829262796342, -32.427248023341853 ], [ -63.24578181363799, -32.427204814501771 ], [ -63.245740203550142, -32.427157985426597 ], [ -63.245838930877738, -32.427086976112783 ], [ -63.245774940535533, -32.427023952798493 ], [ -63.245764857661804, -32.427032091879148 ], [ -63.245753127349701, -32.427020838303427 ], [ -63.245814163683782, -32.426975162514061 ], [ -63.245846010778337, -32.426952096575938 ], [ -63.24586193003573, -32.426938984637488 ], [ -63.24584274662363, -32.426925039445116 ], [ -63.245851239697586, -32.426919158752312 ], [ -63.245834180130586, -32.426903855878201 ], [ -63.245763804947764, -32.426839943258791 ], [ -63.245667244179621, -32.426729171414081 ], [ -63.24547086286838, -32.426874794634102 ], [ -63.245393005411799, -32.426796912854478 ], [ -63.245348212312074, -32.426752796917128 ], [ -63.245300221200353, -32.426705980118648 ], [ -63.245252226477682, -32.426657810674371 ], [ -63.24515091529554, -32.426560127647441 ], [ -63.245085103263783, -32.426609872114994 ], [ -63.245026193090865, -32.426655092540962 ], [ -63.244980868629135, -32.426610977504758 ], [ -63.244908883596501, -32.426541203413088 ], [ -63.244887121746885, -32.426557032759042 ], [ -63.244806977739039, -32.426617178741097 ], [ -63.244738178529893, -32.42654514306907 ], [ -63.244817789847573, -32.426484998165286 ], [ -63.244909082427213, -32.426418063725819 ], [ -63.244840827239337, -32.426350988511842 ], [ -63.244920970990357, -32.426290842506958 ], [ -63.244853782760742, -32.426225117858316 ], [ -63.244929142234248, -32.426165882901742 ], [ -63.245002909380865, -32.426108003630617 ], [ -63.244903168310671, -32.426000846195237 ], [ -63.244883969399069, -32.425981036763694 ], [ -63.244801847278396, -32.425899104088892 ], [ -63.244760238144316, -32.425851823797188 ], [ -63.244712990126331, -32.425883037890898 ], [ -63.244654864603746, -32.42582496496324 ], [ -63.24460100264313, -32.425770039877015 ], [ -63.244545013267, -32.425715119798276 ], [ -63.244480257421387, -32.425762155735278 ], [ -63.244416030526878, -32.425807837076597 ], [ -63.244347234829526, -32.425737153806622 ], [ -63.244291237116869, -32.425679076582028 ], [ -63.244221908795396, -32.425607943396258 ], [ -63.244145111698167, -32.425527803475681 ], [ -63.244059129261807, -32.42559202091293 ], [ -63.243945001087198, -32.425671177180831 ], [ -63.243887938034121, -32.425612199180321 ], [ -63.243769043737416, -32.425699032148572 ], [ -63.24385277898341, -32.425788180036797 ], [ -63.243368201105717, -32.426150865550035 ], [ -63.243777209729807, -32.42656008707079 ], [ -63.243257016336045, -32.426930960447251 ], [ -63.243548753259802, -32.427238920905026 ], [ -63.243565211640366, -32.427228063505829 ], [ -63.243634008019164, -32.42729919806132 ], [ -63.243142982963114, -32.427641146612196 ], [ -63.243450812298221, -32.427999143488513 ], [ -63.243396139882094, -32.428038942619061 ], [ -63.24330679769583, -32.428040918709144 ], [ -63.243309117943085, -32.42811308355558 ], [ -63.243276224720091, -32.42814291764747 ], [ -63.243270815510215, -32.428505127350668 ], [ -63.243328958987924, -32.428569967630814 ], [ -63.24317719467733, -32.428697007861629 ], [ -63.243371828173217, -32.428887880887942 ], [ -63.243206754150314, -32.429009985400739 ], [ -63.24347707138282, -32.429261154100203 ], [ -63.243316786013217, -32.429384151252108 ], [ -63.243702793758949, -32.429738839327506 ], [ -63.243624242112752, -32.429798982358491 ], [ -63.243431231147575, -32.429618932198444 ], [ -63.2431950499343, -32.429801164265228 ], [ -63.243383816412447, -32.429984831808447 ], [ -63.243422783279556, -32.430037980840957 ], [ -63.243225884999354, -32.430193074457513 ], [ -63.243479774592672, -32.430465023303412 ], [ -63.243257859750301, -32.43061294765895 ], [ -63.243303838145934, -32.430702168733575 ], [ -63.243424774536514, -32.43097708054335 ], [ -63.243379086654961, -32.430996112898093 ], [ -63.243475075163886, -32.431091101391665 ], [ -63.243433050375543, -32.431088024659708 ], [ -63.243249885664582, -32.431406825291631 ], [ -63.243437128714504, -32.431616205587638 ], [ -63.243691961692562, -32.431446115234124 ], [ -63.244022113263227, -32.431792790820452 ], [ -63.243258254687625, -32.432345010726898 ], [ -63.243290781299009, -32.432376070192142 ], [ -63.24317826294304, -32.432463792879759 ], [ -63.243281907548663, -32.432834813829807 ], [ -63.243212768139237, -32.433033863712559 ], [ -63.243060091879812, -32.433021980189949 ], [ -63.24330590079807, -32.433252897841719 ], [ -63.243866736996047, -32.43295095808373 ], [ -63.243964833890686, -32.433037822682046 ], [ -63.24368408597239, -32.433263895052804 ], [ -63.243833887379836, -32.433393058439471 ], [ -63.244111978442746, -32.433167892643162 ], [ -63.24418608366684, -32.433233152414367 ], [ -63.243914887807037, -32.433451088274907 ], [ -63.24399112807739, -32.433519050190547 ], [ -63.244065956578069, -32.433458012416217 ], [ -63.244231220810505, -32.433601128879651 ], [ -63.244074138035515, -32.433730886588627 ], [ -63.244100790821307, -32.433752936960623 ], [ -63.24343782093429, -32.434249030032127 ], [ -63.243709744498418, -32.434497939583203 ], [ -63.243196956873582, -32.434871053337233 ], [ -63.243427898780773, -32.43510921701597 ], [ -63.242954954689537, -32.435466014858683 ], [ -63.242991213496147, -32.435500225129921 ], [ -63.243255157834575, -32.435747797463662 ], [ -63.24322119124254, -32.435774926517993 ], [ -63.242927140907, -32.436002827229075 ], [ -63.242919182086922, -32.436010059321113 ], [ -63.24312023719164, -32.436209941241337 ], [ -63.242931821610881, -32.436360055557572 ], [ -63.242967191639984, -32.436459220033726 ], [ -63.24288374483065, -32.436481032094498 ], [ -63.242885963269273, -32.436514857144388 ], [ -63.242891794865194, -32.436706094541513 ], [ -63.242892944071876, -32.436738117240758 ], [ -63.242901749085703, -32.436848158515893 ], [ -63.242908807921403, -32.436901820947163 ], [ -63.242474078971632, -32.437232832387281 ], [ -63.242505020517022, -32.437267053022865 ], [ -63.242628226557038, -32.43739401456002 ], [ -63.242708947160999, -32.437346948874577 ], [ -63.242723808971682, -32.437335192918916 ], [ -63.242779841952128, -32.437404096210692 ], [ -63.242801774814815, -32.43745096410953 ], [ -63.242643020805346, -32.437555915933324 ], [ -63.242678255509645, -32.437604110860008 ], [ -63.242718815319705, -32.437655002582467 ], [ -63.242766852040035, -32.43771715541979 ], [ -63.242815950972016, -32.437778856214855 ], [ -63.242844096747817, -32.437762112282201 ], [ -63.242894263799371, -32.437825163618562 ], [ -63.242895111147504, -32.437942887838133 ], [ -63.242894898773216, -32.438061967632478 ], [ -63.242894747019385, -32.438204051063849 ], [ -63.242895007059708, -32.438301027940966 ], [ -63.242896256535424, -32.438370037700246 ], [ -63.242895931680422, -32.438447168989704 ], [ -63.242897176466734, -32.438514825223052 ], [ -63.242913802827374, -32.438566213901524 ], [ -63.242694058075088, -32.438738039358725 ], [ -63.242934084262835, -32.438988815338014 ], [ -63.242891079546048, -32.439018217012126 ], [ -63.242889950155593, -32.439191876332764 ], [ -63.242919107210682, -32.43935420080512 ], [ -63.242917801263864, -32.439462006244611 ], [ -63.242924825387213, -32.439503038748789 ], [ -63.242883951861835, -32.439533789841619 ], [ -63.242972766444247, -32.439529107973904 ], [ -63.243021827632688, -32.439575923483098 ], [ -63.243036223580646, -32.439588976553935 ], [ -63.243102880458565, -32.439651995967147 ], [ -63.243250034589536, -32.439782067654541 ], [ -63.243326848974718, -32.439864011382035 ], [ -63.243022145236864, -32.440091030128656 ], [ -63.243088831530379, -32.440164875045312 ], [ -63.243222186275894, -32.440305798942276 ], [ -63.243312971757561, -32.440242024685041 ], [ -63.243383899654312, -32.440310898895952 ], [ -63.2434608619713, -32.440249857406371 ], [ -63.243536769295403, -32.440191975852372 ], [ -63.243598103083009, -32.440253200877308 ], [ -63.243727189738941, -32.440389170136477 ], [ -63.243602978782263, -32.440484132482446 ], [ -63.243681891581659, -32.440554796389996 ], [ -63.24360492672907, -32.440614935361069 ], [ -63.243588998687869, -32.440625791723733 ], [ -63.243660984265247, -32.440691957563452 ], [ -63.243582958323671, -32.440753001228657 ], [ -63.243654944000795, -32.440819167971796 ], [ -63.243576916882738, -32.440880211634635 ], [ -63.243648903870074, -32.440946829254109 ], [ -63.24357087770192, -32.441007872910454 ], [ -63.243641796692174, -32.441073139064834 ], [ -63.243787897807522, -32.441205918286322 ], [ -63.243835875228569, -32.44124506704388 ], [ -63.244129885483815, -32.440996866855038 ], [ -63.244269037896039, -32.441117029921685 ], [ -63.244506885885038, -32.44134480325922 ], [ -63.24455700996301, -32.441391164309735 ], [ -63.245129025784536, -32.4412718757007 ], [ -63.245118938832334, -32.441279112068223 ], [ -63.245141872543009, -32.441302071177972 ], [ -63.245148774358285, -32.441297096294655 ], [ -63.245170106886555, -32.441317803228991 ], [ -63.245226910836905, -32.441277097487529 ], [ -63.245213039897784, -32.441261789265283 ], [ -63.2452332455318, -32.441259042860956 ], [ -63.245234843064459, -32.441259942406226 ], [ -63.245306092190781, -32.441249879860116 ], [ -63.24548282704982, -32.441105197184193 ], [ -63.245550227305841, -32.441049135415817 ], [ -63.245602766509528, -32.441004828998821 ], [ -63.246263011122274, -32.440470841284856 ], [ -63.246304571880707, -32.440440072428437 ], [ -63.246385985075918, -32.440508940666795 ], [ -63.246428968490996, -32.440471869333031 ], [ -63.246698104009575, -32.44027287724532 ], [ -63.246567959690033, -32.44014097280818 ], [ -63.246428204116889, -32.43999510353634 ], [ -63.246292217251892, -32.439865915499055 ], [ -63.246370780873264, -32.439808027045643 ], [ -63.246452001274591, -32.439748779811715 ], [ -63.246531079024983, -32.439684123488831 ], [ -63.246610177540866, -32.439627135592531 ], [ -63.246688734606941, -32.439566990763765 ], [ -63.246802842626167, -32.439670059559717 ], [ -63.24697906509239, -32.439534847793482 ], [ -63.247032927949043, -32.439586162893157 ], [ -63.247104916430025, -32.439652778543753 ], [ -63.247163040308571, -32.439706791391082 ], [ -63.247225967405164, -32.439766207111468 ], [ -63.247282230381849, -32.439722795336294 ], [ -63.247291254844399, -32.439716011757781 ], [ -63.247308239495766, -32.439702897565489 ], [ -63.24733690316878, -32.439681190166674 ], [ -63.247454203837428, -32.439589846536983 ], [ -63.247392876530874, -32.439531780418093 ], [ -63.24748311197871, -32.439463042787033 ], [ -63.247511245080631, -32.439441787267626 ], [ -63.247545220377994, -32.439417814997839 ], [ -63.247589805084388, -32.439382995404486 ], [ -63.247803100976277, -32.439578785932426 ], [ -63.247876872203456, -32.43951910155878 ], [ -63.247648136256501, -32.439317928281746 ], [ -63.247858874337844, -32.43916189895446 ], [ -63.247735166546512, -32.439049829742579 ], [ -63.24826011021473, -32.438646903273614 ], [ -63.248293107832332, -32.438624113123801 ], [ -63.248459925331204, -32.438775963320182 ], [ -63.248586754877607, -32.438668811919932 ], [ -63.248498773422035, -32.438589148714364 ], [ -63.248493993595488, -32.438591864308627 ], [ -63.248473743940636, -32.438577921654584 ], [ -63.248721047299277, -32.438374006827388 ], [ -63.248739178898475, -32.43839111066648 ], [ -63.248814001988194, -32.43832781483961 ], [ -63.248889889569178, -32.438264967741723 ], [ -63.248871759030429, -32.438247863921916 ], [ -63.249079777426317, -32.438071991202172 ], [ -63.249223192361349, -32.43819394392483 ], [ -63.249300146448199, -32.438131997125467 ], [ -63.249419023077294, -32.438034784427899 ], [ -63.24954215019811, -32.437936209663569 ], [ -63.249581913545001, -32.437904986993217 ], [ -63.249505519594912, -32.43783235414179 ], [ -63.249551867366868, -32.43779500995403 ], [ -63.249556114199223, -32.43779184359655 ], [ -63.24963891578485, -32.437728982346535 ], [ -63.249654836375555, -32.437715870846368 ], [ -63.249753019247777, -32.437637192021171 ], [ -63.249774249971914, -32.437620912033204 ], [ -63.249725172699556, -32.437569137726143 ], [ -63.24967503444131, -32.437517816379597 ], [ -63.249619027236847, -32.437460191657379 ], [ -63.249563016377259, -32.437401214285195 ], [ -63.249701025757375, -32.437299001952837 ], [ -63.249824743694546, -32.437415128943002 ], [ -63.249945766489034, -32.437325128225382 ], [ -63.249976022554016, -32.437302967086644 ], [ -63.249996196036037, -32.437288943544807 ], [ -63.250095918445155, -32.437383016791784 ], [ -63.250174846021039, -32.43745818720523 ], [ -63.25024278603437, -32.437407082388496 ], [ -63.250288967289862, -32.437373161318874 ], [ -63.250315094906476, -32.43739701580968 ], [ -63.250333226608262, -32.437414119421433 ], [ -63.250362023468348, -32.437441125639424 ], [ -63.250462861115452, -32.437361088351985 ], [ -63.250486741096275, -32.437341194155003 ], [ -63.250512747574604, -32.437320844847115 ], [ -63.250546188174432, -32.43729597017176 ], [ -63.250582638942042, -32.437265271380085 ], [ -63.250053572348257, -32.436756956867285 ], [ -63.250096753512864, -32.436722215813887 ], [ -63.250536750834094, -32.436383950907235 ], [ -63.250621154005685, -32.43632379198305 ], [ -63.250812127016964, -32.436525936911409 ], [ -63.25087774615433, -32.436597072793241 ], [ -63.250907994249978, -32.436572204378464 ], [ -63.251027931506876, -32.436474988036871 ], [ -63.251098862273359, -32.436543858832074 ], [ -63.251192806975219, -32.436471953189589 ], [ -63.251275996573717, -32.436549820589377 ], [ -63.251390130685593, -32.436470206905923 ], [ -63.251436844140521, -32.436437186105429 ], [ -63.25152495928797, -32.436372960371372 ], [ -63.25171496684483, -32.43622688885884 ], [ -63.251622147803289, -32.436129194266336 ], [ -63.251558147029002, -32.436066174031644 ], [ -63.251817179891532, -32.435877114922171 ], [ -63.25190211340098, -32.435816954078554 ], [ -63.251916978779271, -32.435807001443258 ], [ -63.251980150608588, -32.435763121959994 ], [ -63.25200722589954, -32.435745025490839 ], [ -63.252053922442684, -32.435706141285273 ], [ -63.252102746470101, -32.435666801927127 ], [ -63.252109143615968, -32.435672201454707 ], [ -63.252127179904612, -32.435655025706488 ], [ -63.252200957642188, -32.435599848442521 ], [ -63.252207857571463, -32.435594873174082 ], [ -63.252352195342411, -32.435475053825684 ], [ -63.252393506349769, -32.435440934332483 ], [ -63.252525514068687, -32.435566680945627 ], [ -63.252572565175818, -32.435535707831264 ], [ -63.252687219741567, -32.435454084617703 ], [ -63.252788050603023, -32.43537314281356 ], [ -63.252696828596676, -32.435275897574705 ], [ -63.252781245853711, -32.435222052159041 ], [ -63.252860854345698, -32.435160097843053 ], [ -63.252936770269443, -32.435108975553383 ], [ -63.252943140978807, -32.435104903061777 ], [ -63.253024501634215, -32.435048665854708 ], [ -63.253068712953763, -32.435017975998392 ], [ -63.253147811650642, -32.43509869002299 ], [ -63.253197649207358, -32.435062746013557 ] ] ], [ [ [ -63.253479087700057, -32.429715938946735 ], [ -63.253585736286652, -32.429625964486689 ], [ -63.253611741123848, -32.429606065403746 ], [ -63.253652073638833, -32.42957486101691 ], [ -63.253581154208263, -32.429509149497292 ], [ -63.25362413558819, -32.429473880084309 ], [ -63.253648017854829, -32.429455789679331 ], [ -63.253715951191595, -32.429405134741053 ], [ -63.253658904692323, -32.42935518145292 ], [ -63.253654102781198, -32.4293497787856 ], [ -63.253711943322138, -32.429303202971212 ], [ -63.253746968655001, -32.429276068944077 ], [ -63.253778805679346, -32.429249843987122 ], [ -63.253795257071481, -32.429237180858898 ], [ -63.253830187591269, -32.429176217644766 ], [ -63.253710753722068, -32.429068204295106 ], [ -63.253849247060742, -32.428955160785591 ], [ -63.253894883665005, -32.428918984172427 ], [ -63.253822906384137, -32.428855079325714 ], [ -63.253754116213884, -32.428789814482336 ], [ -63.253709859597272, -32.428748857512289 ], [ -63.253791059185403, -32.428687801114933 ], [ -63.253772932380087, -32.428672050597335 ], [ -63.253787793856525, -32.428661195084729 ], [ -63.253823874380863, -32.428630900960776 ], [ -63.25385094212718, -32.42861100058655 ], [ -63.253834941610862, -32.42859479401362 ], [ -63.253812007883596, -32.428571836437342 ], [ -63.253804005105998, -32.428562831398168 ], [ -63.253852828330444, -32.428524843965803 ], [ -63.253859196011213, -32.428519869675725 ], [ -63.253882014738515, -32.428501781367636 ], [ -63.253830817613867, -32.428451817262378 ], [ -63.253783885540336, -32.428405001590114 ], [ -63.25378014817602, -32.428400047659927 ], [ -63.253749187559457, -32.428359063915863 ], [ -63.253862220903109, -32.428270879858751 ], [ -63.253592852889518, -32.42798815749849 ], [ -63.253867735040394, -32.427771095959891 ], [ -63.253799991013075, -32.427699063147301 ], [ -63.253765855225403, -32.427663949013883 ], [ -63.253724254711337, -32.427622084934072 ], [ -63.253685856155869, -32.427583822316848 ], [ -63.253660256005723, -32.427558163007156 ], [ -63.253738804070437, -32.427499819044279 ], [ -63.253816820616258, -32.42744192607914 ], [ -63.25374216901568, -32.427372162438331 ], [ -63.253824960734256, -32.427310201047128 ], [ -63.253757773962363, -32.427247188246767 ], [ -63.253682053026147, -32.427175170528642 ], [ -63.25366174726377, -32.427140931171564 ], [ -63.253774742351524, -32.427039215510717 ], [ -63.25357108726952, -32.426861908458804 ], [ -63.253603963804025, -32.426827111159277 ], [ -63.253628888405359, -32.426801801902734 ], [ -63.253678734840669, -32.426749829844852 ], [ -63.253701010384233, -32.426728133832817 ], [ -63.253807075638512, -32.426621019754563 ], [ -63.253718087418811, -32.426558952599727 ], [ -63.253645085541073, -32.426508130554772 ], [ -63.253717203485223, -32.42643310894551 ], [ -63.253636203130611, -32.426375086249898 ], [ -63.253555740596973, -32.426318865930632 ], [ -63.253629992271961, -32.426246095366331 ], [ -63.253695227307411, -32.42618191410434 ], [ -63.253504990918707, -32.426047881309294 ], [ -63.253568070646899, -32.425973780624581 ], [ -63.253630090848688, -32.425901035576331 ], [ -63.253656197074079, -32.42591812359337 ], [ -63.25370414407633, -32.42594779671591 ], [ -63.253761151612956, -32.425984217444842 ], [ -63.253843194697467, -32.426035022113069 ], [ -63.253965791189628, -32.426134007859737 ], [ -63.253932230948074, -32.425355097267577 ], [ -63.254238880515175, -32.42509106147525 ], [ -63.254184970200953, -32.425020804429032 ], [ -63.254197993528656, -32.424923800605761 ], [ -63.254209968814017, -32.424832212135918 ], [ -63.254223011067836, -32.42474197414478 ], [ -63.254232874028297, -32.424655801370697 ], [ -63.254273831914048, -32.424658876664068 ], [ -63.254285814679804, -32.42456999343662 ], [ -63.254243258449868, -32.424566020518128 ], [ -63.254250982534082, -32.424475793252427 ], [ -63.254259771062117, -32.424386014714855 ], [ -63.254272813205205, -32.424295776712739 ], [ -63.254482924594242, -32.424312041285937 ], [ -63.254504758365144, -32.424132927354535 ], [ -63.25465210296516, -32.424144807839944 ], [ -63.254697122069317, -32.423889868830251 ], [ -63.254729002572986, -32.423879881452514 ], [ -63.254703845841185, -32.423822196472592 ], [ -63.254704888747213, -32.423814977609609 ], [ -63.254612822305916, -32.423792159900991 ], [ -63.254613860149824, -32.423783136634846 ], [ -63.254397263839444, -32.423729898036015 ], [ -63.254416974013566, -32.423552141025432 ], [ -63.25443080071976, -32.423552113103803 ], [ -63.254444904292683, -32.42346097117305 ], [ -63.254434794737953, -32.423459187175325 ], [ -63.254463261625432, -32.423369819746497 ], [ -63.253929879968886, -32.423377210890159 ], [ -63.25382777284657, -32.423376965764675 ], [ -63.253840808649997, -32.423854159715091 ], [ -63.253866869147188, -32.424804036039184 ], [ -63.253748634683831, -32.42487742107204 ], [ -63.252914213116739, -32.42544134288481 ], [ -63.252483146432169, -32.425780200974174 ], [ -63.252204801173747, -32.425515986701917 ], [ -63.251983602307952, -32.425676761530241 ], [ -63.251936534152954, -32.425716287647937 ], [ -63.252098235651275, -32.425826077606395 ], [ -63.251617994805045, -32.426206828407182 ], [ -63.251626005924891, -32.426218991522411 ], [ -63.251582992550617, -32.42624208121812 ], [ -63.251423778024154, -32.426361929510016 ], [ -63.251267005931091, -32.426212039501237 ], [ -63.251200138065791, -32.426263142796806 ], [ -63.251146265645204, -32.426205965254404 ], [ -63.250883018685407, -32.426399993951158 ], [ -63.250939980163515, -32.426448115429423 ], [ -63.25089635954545, -32.426482393283948 ], [ -63.250588697976191, -32.426725577949377 ], [ -63.250584646763606, -32.426721618281576 ], [ -63.250106833241077, -32.427079027343872 ], [ -63.250034846395501, -32.427010157958456 ], [ -63.249641075260172, -32.427317207596282 ], [ -63.249712014980737, -32.427391942495305 ], [ -63.249500775733537, -32.427547976116927 ], [ -63.249698117673191, -32.427752816633152 ], [ -63.249599921799366, -32.427822925246645 ], [ -63.249724167968907, -32.427942209450755 ], [ -63.249431196367865, -32.428160200447735 ], [ -63.249503202302876, -32.428235835097574 ], [ -63.249542144661795, -32.428279059372741 ], [ -63.249562944727941, -32.428300218446225 ], [ -63.249601881994288, -32.428341187421466 ], [ -63.249688807497257, -32.428427167100288 ], [ -63.249575752482428, -32.428509033373146 ], [ -63.249792223897146, -32.428707069933125 ], [ -63.249862819259576, -32.428656861759684 ], [ -63.249914832504437, -32.428617967766378 ], [ -63.249979049880842, -32.42856912661675 ], [ -63.250013205706658, -32.428611909362843 ], [ -63.250051067800747, -32.428648820626222 ], [ -63.250112945909706, -32.428715905637389 ], [ -63.250140151279993, -32.428745170402131 ], [ -63.250206810026803, -32.4288099905827 ], [ -63.250298000388099, -32.428899118407493 ], [ -63.250370194043995, -32.42884980943343 ], [ -63.25051313173649, -32.428996119171579 ], [ -63.250473849170412, -32.429022809889993 ], [ -63.25042874775091, -32.429060788616432 ], [ -63.250467129359279, -32.429093188137124 ], [ -63.250509263176355, -32.429135954882021 ], [ -63.250423254265264, -32.429189801978247 ], [ -63.250508046316057, -32.429273079148111 ], [ -63.250381185833028, -32.429363092090021 ], [ -63.250465979254891, -32.429446820160564 ], [ -63.250448996976061, -32.429459934788255 ], [ -63.250547091354534, -32.429544989893877 ], [ -63.250549213937532, -32.429543181259703 ], [ -63.250610018545729, -32.429606208446252 ], [ -63.250621219414164, -32.429617913493345 ], [ -63.250648958282135, -32.429648079738598 ], [ -63.250721138611596, -32.429593809136065 ], [ -63.250790994037992, -32.42965997526678 ], [ -63.250862111221053, -32.429606157577979 ], [ -63.250998112808766, -32.429743911172451 ], [ -63.251069050557192, -32.429816840860909 ], [ -63.251166181680254, -32.429745831488844 ], [ -63.251195904545568, -32.42972412107784 ], [ -63.251279765911029, -32.429663060993413 ], [ -63.251358850209719, -32.429605167430289 ], [ -63.251458016361461, -32.429692925851171 ], [ -63.251353999756049, -32.429773873004692 ], [ -63.251331178764417, -32.429791059102762 ], [ -63.251305170866885, -32.429810055064927 ], [ -63.251266952692731, -32.429837194781946 ], [ -63.251211752063348, -32.42987699833953 ], [ -63.251177780240248, -32.429900971614209 ], [ -63.251139035361085, -32.429929916754972 ], [ -63.251073749397847, -32.429976957105318 ], [ -63.251113213635961, -32.430016120135598 ], [ -63.251118014184804, -32.430021072926301 ], [ -63.251129759114939, -32.430036836545305 ], [ -63.251147894674872, -32.430056195346197 ], [ -63.251191093586819, -32.430098959730856 ], [ -63.251255098619865, -32.430165138163787 ], [ -63.251304177914264, -32.430219167230973 ], [ -63.251302055328168, -32.430220974975903 ], [ -63.251411860243714, -32.430309163979047 ], [ -63.251449189484298, -32.43034517411656 ], [ -63.25148491259074, -32.430377127746553 ], [ -63.251514775814321, -32.430405936020399 ], [ -63.251571824304939, -32.430456791122296 ], [ -63.251589957351086, -32.430474797229778 ], [ -63.251629231445314, -32.430444949140174 ], [ -63.251672745854826, -32.430410131109355 ], [ -63.251697804596787, -32.430432182165823 ], [ -63.251739923329325, -32.430469085303621 ], [ -63.251770847421518, -32.43049698873898 ], [ -63.251817766825965, -32.430538843713251 ], [ -63.251893114191148, -32.430475995833731 ], [ -63.251967221519656, -32.430540800163527 ], [ -63.251974150989788, -32.430546198638744 ], [ -63.252012886018647, -32.430514096218417 ], [ -63.252045785798273, -32.4304869669187 ], [ -63.252123794698072, -32.430425016233251 ], [ -63.252278951945051, -32.430564984466827 ], [ -63.252386137928994, -32.430475910805256 ], [ -63.252507117711744, -32.430375082978372 ], [ -63.252582995898621, -32.430311782744788 ], [ -63.252651238409833, -32.430371185194673 ], [ -63.252727126752006, -32.430311944556522 ], [ -63.252796974321626, -32.430374952531842 ], [ -63.252876058262501, -32.430317058024535 ], [ -63.252881897010035, -32.430312987503527 ], [ -63.252966808245873, -32.430246961836581 ], [ -63.25297795515273, -32.430238820949548 ], [ -63.253006746917876, -32.430264923951299 ], [ -63.253192999012427, -32.430112092687018 ], [ -63.253313984971797, -32.430013969337125 ], [ -63.253246264906004, -32.429950957368284 ], [ -63.253233998076396, -32.429938803821415 ], [ -63.253202001841515, -32.429908195828915 ], [ -63.253179076563583, -32.429887944293519 ], [ -63.25319924180036, -32.429872116734487 ], [ -63.253207734474238, -32.429865785573959 ], [ -63.253259748421264, -32.429827791963213 ], [ -63.253278944932205, -32.429845795690802 ], [ -63.253273106235135, -32.429849867132042 ], [ -63.253323766112068, -32.429898028119332 ], [ -63.253395750183387, -32.429964188515648 ], [ -63.253462087892224, -32.429913086048622 ], [ -63.253474820767245, -32.429901783979332 ], [ -63.25349975886347, -32.429880985311101 ], [ -63.253519918795639, -32.429862902421462 ], [ -63.253579908767648, -32.429823989970359 ], [ -63.253479087700057, -32.429715938946735 ] ] ] ] } },
{ "type": "Feature", "properties": { "desig": "ZCir", "id": 14.0, "layer": "2026 - Zona Circunvalacion y RN N158", "name": "Circunvalacion y RN N158", "fos": "60", "fot": "1,5", "h_max_1": "21,0", "h_max_2": null, "ret_1": "de Frente: 5,0. Lateral: 5,0", "ret_2": null, "ancho_min": "25,0", "sup_min": "1250", "u_perm": "Usos logisticos, comerciales de grandes superficies, pymes y servicios especializados.\nUsos rurales de ganaderia y agricultura extensiva.", "u_cond": "actividades turisticas (hospedajes, hoteleria y entretenimiento). Cria de animales y tambos.", "u_no_conf": "Usos residenciales. Usos recreativos y deportivos.", "link1": "codigo_edificacion.pdf", "link2": "codigo_fraccionamiento.pdf", "link3": "codigo_urbano_rural.pdf", "link4": "anexo_grafico.pdf", "link5": "planilla_usos.pdf", "link6": "https://villanueva.gob.ar/obras-privadas/" }, "geometry": { "type": "Polygon", "coordinates": [ [ [ -63.320615174489028, -32.440214215894272 ], [ -63.326169883272435, -32.439485030208076 ], [ -63.325185801591147, -32.435465956384682 ], [ -63.313755919246148, -32.42736599576876 ], [ -63.313363018469019, -32.427093182305086 ], [ -63.309358767367975, -32.424252845919497 ], [ -63.308429030000319, -32.423588913800771 ], [ -63.307868221789029, -32.426010208845099 ], [ -63.307694251202079, -32.428653830574625 ], [ -63.308372187576389, -32.430014816416097 ], [ -63.303328770354447, -32.432575985434404 ], [ -63.303018241424233, -32.43275805733866 ], [ -63.302728034225751, -32.432973909817974 ], [ -63.301877217539847, -32.433820780779413 ], [ -63.30181482996862, -32.433932792755442 ], [ -63.301773774958377, -32.434061893218228 ], [ -63.301782918850016, -32.434411892202853 ], [ -63.301393842309231, -32.434647824188922 ], [ -63.301273962945473, -32.434745088192976 ], [ -63.301161751612938, -32.434909089627574 ], [ -63.30106192814376, -32.435119972349298 ], [ -63.301001031310633, -32.435200857239174 ], [ -63.300845739546467, -32.435525989155963 ], [ -63.300815766643581, -32.435629803810706 ], [ -63.30078487817714, -32.435777823671174 ], [ -63.300736001914316, -32.435955206062332 ], [ -63.300659922136923, -32.436109197869698 ], [ -63.300580812688921, -32.436311911352284 ], [ -63.300424108028089, -32.436692977295387 ], [ -63.300110030235508, -32.437254840767935 ], [ -63.299681203111803, -32.437859826867928 ], [ -63.29941193166993, -32.438141024124747 ], [ -63.299041829873666, -32.438491924031382 ], [ -63.298738875370532, -32.438721779159835 ], [ -63.29845924364308, -32.438927221957968 ], [ -63.298055843650616, -32.439183024174753 ], [ -63.297744739415691, -32.439361927331312 ], [ -63.297353845450466, -32.439540116355786 ], [ -63.29656374424443, -32.439795021701428 ], [ -63.288552985485779, -32.442201973299795 ], [ -63.288269129169393, -32.442260809769991 ], [ -63.287940048378871, -32.442316140184651 ], [ -63.287642846184113, -32.442360121428351 ], [ -63.27480211994223, -32.443334206858417 ], [ -63.274434148324083, -32.44337379987747 ], [ -63.27398278766929, -32.443437849335929 ], [ -63.273562190394642, -32.44350515061732 ], [ -63.272868978465915, -32.443643774899698 ], [ -63.272193920467451, -32.443805812531238 ], [ -63.27165709523883, -32.44394589648423 ], [ -63.271253241330783, -32.444082986583268 ], [ -63.270390746398348, -32.444359083134998 ], [ -63.269417961449641, -32.444754940690373 ], [ -63.268595190732519, -32.44515678497109 ], [ -63.26760420749023, -32.445700163402336 ], [ -63.26675900612635, -32.446258108758748 ], [ -63.266026012138163, -32.446808144762095 ], [ -63.265527118795099, -32.447194850981447 ], [ -63.265089927938845, -32.447581876229101 ], [ -63.264742981109535, -32.44790601323227 ], [ -63.264439123156677, -32.448230961457007 ], [ -63.264032926450156, -32.44866979031918 ], [ -63.263669770294108, -32.449093190745415 ], [ -63.263388797671851, -32.449424854329855 ], [ -63.263139068468519, -32.449708188416821 ], [ -63.262950904624972, -32.449943130790494 ], [ -63.261474061352743, -32.451745019019604 ], [ -63.259133734243491, -32.45465691504571 ], [ -63.258192757097071, -32.455815806876679 ], [ -63.256530250811778, -32.457875118492858 ], [ -63.256115056550534, -32.458359044416056 ], [ -63.255839755848683, -32.458646927241041 ], [ -63.255500744338214, -32.458981847841805 ], [ -63.255154136738035, -32.459264911485029 ], [ -63.254811238165161, -32.459543907880708 ], [ -63.254380144267365, -32.459865930948439 ], [ -63.253126058789022, -32.460586990595218 ], [ -63.252497970368033, -32.460861140454348 ], [ -63.252057896440952, -32.461020793464826 ], [ -63.251610883939946, -32.461172791215233 ], [ -63.251104801428454, -32.461319943761829 ], [ -63.250668855749744, -32.461434929883858 ], [ -63.250145112064345, -32.461546029270785 ], [ -63.248213903975184, -32.46176319998424 ], [ -63.248355931438219, -32.463111125781147 ], [ -63.250454176185784, -32.462875126694968 ], [ -63.251100220314385, -32.4627371706163 ], [ -63.251599970651192, -32.462605817700862 ], [ -63.25216825902222, -32.462440947253995 ], [ -63.252667895328045, -32.462269897969854 ], [ -63.253177073907317, -32.462087099347045 ], [ -63.253932168279583, -32.461757210745631 ], [ -63.254662031433696, -32.461348883866549 ], [ -63.255366856550914, -32.460931131541685 ], [ -63.255890860715176, -32.460539904465286 ], [ -63.256259239825908, -32.460241007583349 ], [ -63.256662111983339, -32.459911818030903 ], [ -63.257065847528253, -32.459513163540151 ], [ -63.257380927405173, -32.459182798243674 ], [ -63.257833763968705, -32.458654136432962 ], [ -63.259507919175142, -32.456580801345261 ], [ -63.260449948257175, -32.455420995025349 ], [ -63.262789195702233, -32.452511784271913 ], [ -63.264266023515106, -32.450708978259868 ], [ -63.26443881635754, -32.450493912893506 ], [ -63.264675818548284, -32.450225036462967 ], [ -63.264963151921663, -32.44988613995131 ], [ -63.265307222348213, -32.44948577976426 ], [ -63.265692199474884, -32.449068191820302 ], [ -63.265958936710803, -32.448783012349061 ], [ -63.266257077717789, -32.448504981737706 ], [ -63.266642798267561, -32.448161814504246 ], [ -63.267092864175559, -32.447813095512075 ], [ -63.267778090217035, -32.447298789505773 ], [ -63.268528264682544, -32.446804187058532 ], [ -63.269426849780579, -32.446311969787509 ], [ -63.270161985759032, -32.445953157617602 ], [ -63.271018954759043, -32.445603101076706 ], [ -63.271830973441894, -32.445342895280234 ], [ -63.272188071590008, -32.445222143156286 ], [ -63.272646239902826, -32.445102974770272 ], [ -63.27326921368023, -32.444952775932713 ], [ -63.273892796509784, -32.444829185213976 ], [ -63.274362265805728, -32.444754189925618 ], [ -63.274661085893513, -32.444712943523186 ], [ -63.274970038258679, -32.444679793671675 ], [ -63.287849771391009, -32.443701992746888 ], [ -63.288230984520325, -32.443646092393671 ], [ -63.28861217023185, -32.443582071573196 ], [ -63.289005003581515, -32.443500882366948 ], [ -63.299373037082162, -32.440373847656488 ], [ -63.301117175006432, -32.43845991641674 ], [ -63.301516875175011, -32.437895138556932 ], [ -63.301901802575841, -32.437208159520331 ], [ -63.302091740013736, -32.436745821880528 ], [ -63.302157141180722, -32.436580127551728 ], [ -63.302258039044965, -32.436372850250905 ], [ -63.302347919560113, -32.436051933362705 ], [ -63.302370948937003, -32.435940015641023 ], [ -63.302432748299132, -32.435810865217839 ], [ -63.302487812370792, -32.435735857752583 ], [ -63.302548025927656, -32.435609868114803 ], [ -63.302793790637672, -32.435461781469137 ], [ -63.303183867199706, -32.435048126211733 ], [ -63.303382090326984, -32.434522167726769 ], [ -63.303377914552684, -32.434386860721283 ], [ -63.303429870600411, -32.43433711932353 ], [ -63.303646216099985, -32.434140839136994 ], [ -63.303861980602854, -32.433930126517431 ], [ -63.304000980236935, -32.433826048056289 ], [ -63.304220211289156, -32.433697869327098 ], [ -63.304470252647207, -32.433558791105852 ], [ -63.304832987982969, -32.43340184833 ], [ -63.306379083564202, -32.43260513901398 ], [ -63.307971175739638, -32.435334210257587 ], [ -63.309250247991251, -32.434809190779546 ], [ -63.309266808495515, -32.434861936926417 ], [ -63.311933749222611, -32.443857997006532 ], [ -63.320615174489028, -32.440214215894272 ] ] ] } },
{ "type": "Feature", "properties": { "desig": "ZComI 2 y 3", "id": 22.0, "layer": "2026 - Zona Comercial Industrial 2", "name": "Comercial Industrial 2", "fos": "70", "fot": "1.5", "h_max_1": "21,0", "h_max_2": null, "ret_1": "de Frente: 3,0 - Lateral: 1,5 para usos industriales.", "ret_2": "Adicionalmente, a partir de 10,50 m se debe retirar 4,0 m a cada EM y Fondo", "ancho_min": "25,0", "sup_min": "750", "u_perm": "Usos comerciales de mediana y gran superficie, pymes y servicios especializados, talleres e industrial de riesgo intermedio, bajo y muy bajo. Usos recreativos, deportivos. Edificios para reunion bajo techos", "u_cond": "Industriales de impacto alto, usos rurales de agricultura extensiva a intensiva y actividades turisticas.", "u_no_conf": "Usos Rurales de ganaderia, cria de animales, tambos, extractivas, industriales con procesos biologicos. Usos de suelo residencial.", "link1": "codigo_edificacion.pdf", "link2": "codigo_fraccionamiento.pdf", "link3": "codigo_urbano_rural.pdf", "link4": "anexo_grafico.pdf", "link5": "planilla_usos.pdf", "link6": "https://villanueva.gob.ar/obras-privadas/" }, "geometry": { "type": "Polygon", "coordinates": [ [ [ -63.24835920514829, -32.46314088882054 ], [ -63.248355931438219, -32.463111125781147 ], [ -63.248213903975184, -32.46176319998424 ], [ -63.250145112064345, -32.461546029270785 ], [ -63.250668855749744, -32.461434929883858 ], [ -63.251104801428454, -32.461319943761829 ], [ -63.251610883939946, -32.461172791215233 ], [ -63.252057896440952, -32.461020793464826 ], [ -63.252497970368033, -32.460861140454348 ], [ -63.253126058789022, -32.460586990595218 ], [ -63.254380144267365, -32.459865930948439 ], [ -63.254811238165161, -32.459543907880708 ], [ -63.255154136738035, -32.459264911485029 ], [ -63.255500744338214, -32.458981847841805 ], [ -63.255839755848683, -32.458646927241041 ], [ -63.256115056550534, -32.458359044416056 ], [ -63.256530250811778, -32.457875118492858 ], [ -63.258192757097071, -32.455815806876679 ], [ -63.259133734243491, -32.45465691504571 ], [ -63.261474061352743, -32.451745019019604 ], [ -63.262950904624972, -32.449943130790494 ], [ -63.263139068468519, -32.449708188416821 ], [ -63.263388797671851, -32.449424854329855 ], [ -63.263669770294108, -32.449093190745415 ], [ -63.264032926450156, -32.44866979031918 ], [ -63.264439123156677, -32.448230961457007 ], [ -63.264742981109535, -32.44790601323227 ], [ -63.265089927938845, -32.447581876229101 ], [ -63.265527118795099, -32.447194850981447 ], [ -63.266026012138163, -32.446808144762095 ], [ -63.26675900612635, -32.446258108758748 ], [ -63.26760420749023, -32.445700163402336 ], [ -63.268595190732519, -32.44515678497109 ], [ -63.269417961449641, -32.444754940690373 ], [ -63.270390746398348, -32.444359083134998 ], [ -63.271253241330783, -32.444082986583268 ], [ -63.27165709523883, -32.44394589648423 ], [ -63.272193920467451, -32.443805812531238 ], [ -63.272868978465915, -32.443643774899698 ], [ -63.273562190394642, -32.44350515061732 ], [ -63.27398278766929, -32.443437849335929 ], [ -63.274434148324083, -32.44337379987747 ], [ -63.27480211994223, -32.443334206858417 ], [ -63.287642846184113, -32.442360121428351 ], [ -63.287940048378871, -32.442316140184651 ], [ -63.288269129169393, -32.442260809769991 ], [ -63.288552985485779, -32.442201973299795 ], [ -63.29656374424443, -32.439795021701428 ], [ -63.297353845450466, -32.439540116355786 ], [ -63.297744739415691, -32.439361927331312 ], [ -63.298055843650616, -32.439183024174753 ], [ -63.29845924364308, -32.438927221957968 ], [ -63.298738875370532, -32.438721779159835 ], [ -63.299041829873666, -32.438491924031382 ], [ -63.29941193166993, -32.438141024124747 ], [ -63.299681203111803, -32.437859826867928 ], [ -63.300110030235508, -32.437254840767935 ], [ -63.300424108028089, -32.436692977295387 ], [ -63.300580812688921, -32.436311911352284 ], [ -63.300659922136923, -32.436109197869698 ], [ -63.300736001914316, -32.435955206062332 ], [ -63.30078487817714, -32.435777823671174 ], [ -63.300815766643581, -32.435629803810706 ], [ -63.300845739546467, -32.435525989155963 ], [ -63.301001031310633, -32.435200857239174 ], [ -63.30106192814376, -32.435119972349298 ], [ -63.301161751612938, -32.434909089627574 ], [ -63.301273962945473, -32.434745088192976 ], [ -63.301393842309231, -32.434647824188922 ], [ -63.301782918850016, -32.434411892202853 ], [ -63.301773774958377, -32.434061893218228 ], [ -63.30181482996862, -32.433932792755442 ], [ -63.301877217539847, -32.433820780779413 ], [ -63.302728034225751, -32.432973909817974 ], [ -63.300758103281431, -32.433800904860568 ], [ -63.300362795040037, -32.43392182993982 ], [ -63.300300156440805, -32.434119090812693 ], [ -63.29910600209746, -32.435858050181949 ], [ -63.298454890342072, -32.436960173228591 ], [ -63.297273209517677, -32.437984160262793 ], [ -63.296157946325955, -32.438506856184631 ], [ -63.288282121918172, -32.440828224354547 ], [ -63.287192748486355, -32.440988131950498 ], [ -63.269819224553657, -32.442675160819739 ], [ -63.269804757674713, -32.443354032337375 ], [ -63.268442948784823, -32.443504889199744 ], [ -63.265432935395864, -32.445551849755539 ], [ -63.26511122712504, -32.445772191614239 ], [ -63.261351084765707, -32.449502170380995 ], [ -63.256609692020277, -32.455361963893161 ], [ -63.256159116196564, -32.455880852785256 ], [ -63.253847872774656, -32.458448885154091 ], [ -63.252259084978604, -32.459332088078853 ], [ -63.24988986425668, -32.460242983788199 ], [ -63.247044776865891, -32.46050118931111 ], [ -63.246243240135762, -32.460583949448122 ], [ -63.24651579890606, -32.461034021157495 ], [ -63.244990235771056, -32.460945885763351 ], [ -63.245051893818655, -32.461514096212397 ], [ -63.241553818182609, -32.46152401264645 ], [ -63.241546079393444, -32.46061785588811 ], [ -63.23880405380168, -32.460631205537943 ], [ -63.235443210015873, -32.461230222574372 ], [ -63.234211015286149, -32.461308157716701 ], [ -63.227042738736223, -32.461763011319633 ], [ -63.224970934017065, -32.46152090452776 ], [ -63.222595950555181, -32.460440786229654 ], [ -63.219436213427556, -32.456473877806317 ], [ -63.218500762027986, -32.457055112178757 ], [ -63.218312234692839, -32.456752780393153 ], [ -63.216254785953247, -32.453999922336664 ], [ -63.216570081401272, -32.453482920427462 ], [ -63.215877134404408, -32.452016821778976 ], [ -63.214949237782406, -32.45084115020704 ], [ -63.212607080616237, -32.447259221312002 ], [ -63.212062067961554, -32.447358921026208 ], [ -63.21097326428724, -32.447170854697788 ], [ -63.210546981579192, -32.44685898584796 ], [ -63.209008922441271, -32.447230963024992 ], [ -63.208931221174105, -32.447214854066189 ], [ -63.214006173320321, -32.454490906049301 ], [ -63.216867843977973, -32.458084089589747 ], [ -63.220393084611587, -32.462509146109468 ], [ -63.223967076724847, -32.464135211468687 ], [ -63.226943153406225, -32.464483059517711 ], [ -63.235666241275247, -32.463928924225741 ], [ -63.238850067215459, -32.463752876991741 ], [ -63.241595011066977, -32.463601948468408 ], [ -63.241615975836908, -32.464877945086009 ], [ -63.245212232520906, -32.464336040582999 ], [ -63.245900866274418, -32.468507863698292 ], [ -63.246574068938877, -32.474607971299555 ], [ -63.248231036071424, -32.474602007814582 ], [ -63.248180166628586, -32.472546199201048 ], [ -63.249625994832201, -32.472591153132704 ], [ -63.249454950808385, -32.470573922385022 ], [ -63.249131061196081, -32.468502866647469 ], [ -63.24875979255129, -32.466417017782113 ], [ -63.248278952941668, -32.463754031962374 ], [ -63.248276167282036, -32.4635140761944 ], [ -63.248287166643593, -32.463450906707777 ], [ -63.24835920514829, -32.46314088882054 ] ] ] } },
{ "type": "Feature", "properties": { "desig": "ZComI1", "id": 27.0, "layer": "2026 - Zona Comercial Industrial 1", "name": "Comercial Industrial 1", "fos": "70", "fot": "1.5", "h_max_1": "21,0", "h_max_2": null, "ret_1": "de Frente: 3,0 - Lateral: 1,5 para usos industriales.", "ret_2": "Adicionalmente, a partir de 10,50 m se debe retirar 4,0 m a cada EM y Fondo", "ancho_min": "20,0", "sup_min": "500", "u_perm": "usos urbanos comerciales de mediana y grandes superficies, pymes y servicios especializados, talleres e industriales de riesgo bajo y muy bajo. Usos recreativos, deportivos. Edificios para reunion bajo techos", "u_cond": "Industriales de impacto intermedio. agricultura y actividades turísticas", "u_no_conf": "Usos Rurales de ganaderia con cria de animales, tambos, extractivas, industriales de alto riesgo y/o con procesos biologicos. Usos de suelo residencial unifamiliar.", "link1": "codigo_edificacion.pdf", "link2": "codigo_fraccionamiento.pdf", "link3": "codigo_urbano_rural.pdf", "link4": "anexo_grafico.pdf", "link5": "planilla_usos.pdf", "link6": "https://villanueva.gob.ar/obras-privadas/" }, "geometry": { "type": "MultiPolygon", "coordinates": [ [ [ [ -63.244919889767168, -32.448711117074552 ], [ -63.244930950317617, -32.447490084155532 ], [ -63.245147987104232, -32.447491015404999 ], [ -63.245158739946504, -32.446353879252996 ], [ -63.243911922741347, -32.446355043067683 ], [ -63.243910126974079, -32.446299921466789 ], [ -63.243911877496387, -32.445764964651097 ], [ -63.243853896324588, -32.445765076927671 ], [ -63.243773452006899, -32.443914781314362 ], [ -63.243776028360962, -32.443119777668628 ], [ -63.243503151823198, -32.443119853746957 ], [ -63.243452064755488, -32.442715805404681 ], [ -63.244188763034771, -32.442711222234927 ], [ -63.244184843551309, -32.442243933797457 ], [ -63.244181078565582, -32.441833929843995 ], [ -63.243209816704642, -32.441839868756887 ], [ -63.242974254949686, -32.441471809920074 ], [ -63.241719739662926, -32.441572102821752 ], [ -63.241400004107916, -32.439754954612184 ], [ -63.237066140105199, -32.44100584945857 ], [ -63.237799922888854, -32.441111818257006 ], [ -63.241748225124823, -32.441682106325004 ], [ -63.240212113697652, -32.442906959770227 ], [ -63.240212007209387, -32.448081036624963 ], [ -63.242848903669653, -32.448085000655674 ], [ -63.242841782974345, -32.451181970826958 ], [ -63.242943243820093, -32.451183737349218 ], [ -63.242952015418403, -32.455783887876152 ], [ -63.243882989618179, -32.455776225064554 ], [ -63.244163039003254, -32.458026903789232 ], [ -63.244673236780528, -32.458026816113843 ], [ -63.244990235771056, -32.460945885763351 ], [ -63.24651579890606, -32.461034021157495 ], [ -63.246243240135762, -32.460583949448122 ], [ -63.247044776865891, -32.46050118931111 ], [ -63.245718829347389, -32.455829207688261 ], [ -63.245719762695003, -32.455697779140337 ], [ -63.24573718317496, -32.453492078624457 ], [ -63.245696841476274, -32.453328875266813 ], [ -63.245663239132, -32.451139963102612 ], [ -63.244938141091737, -32.448771974246078 ], [ -63.244919889767168, -32.448711117074552 ] ] ], [ [ [ -63.259502993856593, -32.432215164689211 ], [ -63.258206032676057, -32.432299922813499 ], [ -63.258206090520716, -32.43232022029477 ], [ -63.258257849714212, -32.434431966872729 ], [ -63.258069033706278, -32.434431007520878 ], [ -63.258091590877243, -32.435326405311123 ], [ -63.258279998454732, -32.435297952035263 ], [ -63.260215776743479, -32.435025137031161 ], [ -63.26034426309964, -32.435501189017764 ], [ -63.264014885300526, -32.435547225141633 ], [ -63.264004939716116, -32.437792158173096 ], [ -63.264995056926054, -32.437702122894045 ], [ -63.266328932282654, -32.43784680590354 ], [ -63.26833403615003, -32.437804210521278 ], [ -63.274000891059643, -32.436953946367204 ], [ -63.280628769711491, -32.435080999153506 ], [ -63.2806831949542, -32.437711894467995 ], [ -63.284838831171534, -32.436859089172913 ], [ -63.291962781404024, -32.436822028993923 ], [ -63.29910600209746, -32.435858050181949 ], [ -63.300300156440805, -32.434119090812693 ], [ -63.300362795040037, -32.43392182993982 ], [ -63.300758103281431, -32.433800904860568 ], [ -63.302728034225751, -32.432973909817974 ], [ -63.303018241424233, -32.43275805733866 ], [ -63.303328770354447, -32.432575985434404 ], [ -63.308372187576389, -32.430014816416097 ], [ -63.307694251202079, -32.428653830574625 ], [ -63.307868221789029, -32.426010208845099 ], [ -63.308429030000319, -32.423588913800771 ], [ -63.308317854062423, -32.42351001548456 ], [ -63.304450111486759, -32.426773134753695 ], [ -63.304496967546918, -32.426948032143812 ], [ -63.303782132064313, -32.427405776695053 ], [ -63.305063980940197, -32.431238921713451 ], [ -63.304083918055106, -32.431755947207265 ], [ -63.303479974259737, -32.432304987045889 ], [ -63.301967791075242, -32.433036576715189 ], [ -63.300691846918063, -32.433548922904997 ], [ -63.300498998226388, -32.432812806623183 ], [ -63.297522070640248, -32.433268223733549 ], [ -63.297542203692082, -32.433772478155959 ], [ -63.297004858899165, -32.433788084114845 ], [ -63.296879731270096, -32.43382778569692 ], [ -63.296377684355861, -32.433842313858911 ], [ -63.296272215018497, -32.433849229526643 ], [ -63.296243942815003, -32.43341286810454 ], [ -63.293505215758614, -32.433693070340091 ], [ -63.293582326077107, -32.434064288640386 ], [ -63.292975126181538, -32.43415537990056 ], [ -63.292871774119732, -32.433696799940819 ], [ -63.279471857188646, -32.433674016290702 ], [ -63.277978900692837, -32.43367190735394 ], [ -63.277979803032977, -32.433965995298948 ], [ -63.276918219222679, -32.433974196672068 ], [ -63.276916243558446, -32.433676052272965 ], [ -63.266856979866219, -32.433653108915948 ], [ -63.266873901072231, -32.431452813621974 ], [ -63.265399088594535, -32.431459086407678 ], [ -63.265411245070929, -32.431977778059412 ], [ -63.261164170232426, -32.432094005817753 ], [ -63.259502993856593, -32.432215164689211 ] ], [ [ -63.265707240839149, -32.434613134805574 ], [ -63.263946875802198, -32.43460527251257 ], [ -63.263947823986776, -32.432740147396451 ], [ -63.26570388029549, -32.432742154770295 ], [ -63.265707240839149, -32.434613134805574 ] ], [ [ -63.275861061827058, -32.436309835945366 ], [ -63.275850963237538, -32.434565168166422 ], [ -63.277225925463654, -32.434589213121711 ], [ -63.277223086646011, -32.435921191831149 ], [ -63.275861061827058, -32.436309835945366 ] ] ], [ [ [ -63.303344062691913, -32.419985128691003 ], [ -63.302382099064467, -32.420314908862188 ], [ -63.301558058165547, -32.421503166020756 ], [ -63.303767025172441, -32.424326894028376 ], [ -63.306424116840894, -32.422172974394613 ], [ -63.303344062691913, -32.419985128691003 ] ] ] ] } },
{ "type": "Feature", "properties": { "desig": "ZComR1", "id": 1.0, "layer": "2026 - Zona Comercial Residencial 1", "name": "Comercial Residencial 1", "fos": "80", "fot": "4", "h_max_1": "Equivalente a Planta Baja + 2 Pisos (Altura Max.: 10,50)", "h_max_2": "3 plantas + 7 plantas adicionales (Altura maxima: 35,0)", "ret_1": "Sin Retiro", "ret_2": "A partir de 3er planta, retiro de 4 m a c/ E.M.", "ancho_min": "12,0", "sup_min": "350", "u_perm": "Uso de suelo prioritario comercial barrial y de gran superficie, pymes y servicios, talleres y galpones.\nUso de suelo secundario Residencial, Turistico e Institucional.", "u_cond": "Recreativos y deportivos.", "u_no_conf": "Rurales, productivos e industriales. Edificios para reunion bajo techo tipo: Discotecas, boliches bailables, clubes nocturnos, peñas, circos, parques de diversiones.", "link1": "codigo_edificacion.pdf", "link2": "codigo_fraccionamiento.pdf", "link3": "codigo_urbano_rural.pdf", "link4": "anexo_grafico.pdf", "link5": "planilla_usos.pdf", "link6": "https://villanueva.gob.ar/obras-privadas/" }, "geometry": { "type": "Polygon", "coordinates": [ [ [ -63.242580805470773, -32.422662092547313 ], [ -63.242590954038356, -32.422673010414009 ], [ -63.242925882934955, -32.423035806374948 ], [ -63.242849967619172, -32.423085118300484 ], [ -63.243005170537025, -32.423252161628163 ], [ -63.242833177853313, -32.423368866733831 ], [ -63.242845978825741, -32.423382824698145 ], [ -63.242784931310759, -32.423423988508048 ], [ -63.242832923004322, -32.423472158931546 ], [ -63.243079759693309, -32.423302987729272 ], [ -63.243399211450004, -32.423637957886143 ], [ -63.243264891830897, -32.423723016685884 ], [ -63.243151821081639, -32.423799013162693 ], [ -63.243396081888712, -32.424056997550522 ], [ -63.243308139814637, -32.424183012938002 ], [ -63.243143052453014, -32.42429699894663 ], [ -63.243060240395771, -32.424353089278199 ], [ -63.242976897997629, -32.424410084137861 ], [ -63.242895151348634, -32.424467074963971 ], [ -63.242892212135331, -32.424560900269526 ], [ -63.242891737353823, -32.424582101477952 ], [ -63.242890879658844, -32.424658783085086 ], [ -63.242890979990968, -32.42469622020996 ], [ -63.242890068044773, -32.424753056065917 ], [ -63.242890213105461, -32.424807182810952 ], [ -63.24288925870124, -32.424847779919133 ], [ -63.24288786954785, -32.424924913425805 ], [ -63.242887915482136, -32.424942053020267 ], [ -63.242886050333802, -32.425039936856813 ], [ -63.242888204395072, -32.425049855630782 ], [ -63.242886829601197, -32.425131951472352 ], [ -63.242888988645838, -32.42514412552913 ], [ -63.242887087083055, -32.425228025897646 ], [ -63.24288996617144, -32.425310113535872 ], [ -63.242896241458347, -32.425468873667221 ], [ -63.242918102538255, -32.425490031808032 ], [ -63.242960231122993, -32.425532801127538 ], [ -63.242984228175054, -32.425557111284306 ], [ -63.243063852579979, -32.425699943768471 ], [ -63.242950148082386, -32.426532816791763 ], [ -63.242903057915242, -32.429586719298214 ], [ -63.242171211909501, -32.429546463556321 ], [ -63.241095696453399, -32.430456108387858 ], [ -63.241254970812172, -32.430592495184918 ], [ -63.241212935270738, -32.430626803616789 ], [ -63.241205186909411, -32.430712970377485 ], [ -63.24119691170214, -32.430800942558172 ], [ -63.241190209773038, -32.430880792318007 ], [ -63.241181932136683, -32.430967862744566 ], [ -63.241174183718847, -32.431054029498966 ], [ -63.241171078076988, -32.431086060390278 ], [ -63.241165903649815, -32.431140197269571 ], [ -63.241158140797822, -32.431220951711822 ], [ -63.241155056754984, -32.431261101967074 ], [ -63.241149858299345, -32.431306217728313 ], [ -63.241142111024139, -32.431392835351858 ], [ -63.24113903177107, -32.431434790009185 ], [ -63.241133833298036, -32.431479905768619 ], [ -63.24112713967115, -32.431562913448481 ], [ -63.241078277401982, -32.431589250755714 ], [ -63.241060809000395, -32.4318267560678 ], [ -63.242242913559572, -32.432974128178721 ], [ -63.242325068203499, -32.433152937916525 ], [ -63.242324931531492, -32.433372966442889 ], [ -63.24230322132864, -32.434999973595993 ], [ -63.241910151859877, -32.434994865861768 ], [ -63.241905941713803, -32.435210930820389 ], [ -63.242188871316912, -32.43520001247304 ], [ -63.24219121245941, -32.435279845743551 ], [ -63.242193989064091, -32.4355229598318 ], [ -63.241847720860328, -32.435913355452378 ], [ -63.241308077159736, -32.435996015436267 ], [ -63.240806046533429, -32.436077314406525 ], [ -63.241316206473329, -32.439247224611549 ], [ -63.241400004107916, -32.439754954612184 ], [ -63.241719739662926, -32.441572102821752 ], [ -63.242974254949686, -32.441471809920074 ], [ -63.243152811989546, -32.441212107366042 ], [ -63.24342225515376, -32.441124081612067 ], [ -63.24357087770192, -32.441007872910454 ], [ -63.243648903870074, -32.440946829254109 ], [ -63.243576916882738, -32.440880211634635 ], [ -63.243654944000795, -32.440819167971796 ], [ -63.243582958323671, -32.440753001228657 ], [ -63.243660984265247, -32.440691957563452 ], [ -63.243588998687869, -32.440625791723733 ], [ -63.24360492672907, -32.440614935361069 ], [ -63.243681891581659, -32.440554796389996 ], [ -63.243602978782263, -32.440484132482446 ], [ -63.243727189738941, -32.440389170136477 ], [ -63.243598103083009, -32.440253200877308 ], [ -63.243536769295403, -32.440191975852372 ], [ -63.2434608619713, -32.440249857406371 ], [ -63.243383899654312, -32.440310898895952 ], [ -63.243312971757561, -32.440242024685041 ], [ -63.243222186275894, -32.440305798942276 ], [ -63.243088831530379, -32.440164875045312 ], [ -63.243022145236864, -32.440091030128656 ], [ -63.243326848974718, -32.439864011382035 ], [ -63.243250034589536, -32.439782067654541 ], [ -63.243102880458565, -32.439651995967147 ], [ -63.243036223580646, -32.439588976553935 ], [ -63.243021827632688, -32.439575923483098 ], [ -63.242972766444247, -32.439529107973904 ], [ -63.242883951861835, -32.439533789841619 ], [ -63.242924825387213, -32.439503038748789 ], [ -63.242917801263864, -32.439462006244611 ], [ -63.242919107210682, -32.43935420080512 ], [ -63.242889950155593, -32.439191876332764 ], [ -63.242891079546048, -32.439018217012126 ], [ -63.242934084262835, -32.438988815338014 ], [ -63.242694058075088, -32.438738039358725 ], [ -63.242913802827374, -32.438566213901524 ], [ -63.242897176466734, -32.438514825223052 ], [ -63.242895931680422, -32.438447168989704 ], [ -63.242896256535424, -32.438370037700246 ], [ -63.242895007059708, -32.438301027940966 ], [ -63.242894747019385, -32.438204051063849 ], [ -63.242894898773216, -32.438061967632478 ], [ -63.242895111147504, -32.437942887838133 ], [ -63.242894263799371, -32.437825163618562 ], [ -63.242844096747817, -32.437762112282201 ], [ -63.242815950972016, -32.437778856214855 ], [ -63.242766852040035, -32.43771715541979 ], [ -63.242718815319705, -32.437655002582467 ], [ -63.242678255509645, -32.437604110860008 ], [ -63.242643020805346, -32.437555915933324 ], [ -63.242801774814815, -32.43745096410953 ], [ -63.242779841952128, -32.437404096210692 ], [ -63.242723808971682, -32.437335192918916 ], [ -63.242708947160999, -32.437346948874577 ], [ -63.242628226557038, -32.43739401456002 ], [ -63.242505020517022, -32.437267053022865 ], [ -63.242474078971632, -32.437232832387281 ], [ -63.242908807921403, -32.436901820947163 ], [ -63.242901749085703, -32.436848158515893 ], [ -63.242892944071876, -32.436738117240758 ], [ -63.242891794865194, -32.436706094541513 ], [ -63.242885963269273, -32.436514857144388 ], [ -63.24288374483065, -32.436481032094498 ], [ -63.242967191639984, -32.436459220033726 ], [ -63.242931821610881, -32.436360055557572 ], [ -63.24312023719164, -32.436209941241337 ], [ -63.242919182086922, -32.436010059321113 ], [ -63.242927140907, -32.436002827229075 ], [ -63.24322119124254, -32.435774926517993 ], [ -63.243255157834575, -32.435747797463662 ], [ -63.242991213496147, -32.435500225129921 ], [ -63.242954954689537, -32.435466014858683 ], [ -63.243427898780773, -32.43510921701597 ], [ -63.243196956873582, -32.434871053337233 ], [ -63.243709744498418, -32.434497939583203 ], [ -63.24343782093429, -32.434249030032127 ], [ -63.244100790821307, -32.433752936960623 ], [ -63.244074138035515, -32.433730886588627 ], [ -63.244231220810505, -32.433601128879651 ], [ -63.244065956578069, -32.433458012416217 ], [ -63.24399112807739, -32.433519050190547 ], [ -63.243914887807037, -32.433451088274907 ], [ -63.24418608366684, -32.433233152414367 ], [ -63.244111978442746, -32.433167892643162 ], [ -63.243833887379836, -32.433393058439471 ], [ -63.24368408597239, -32.433263895052804 ], [ -63.243964833890686, -32.433037822682046 ], [ -63.243866736996047, -32.43295095808373 ], [ -63.24330590079807, -32.433252897841719 ], [ -63.243060091879812, -32.433021980189949 ], [ -63.243212768139237, -32.433033863712559 ], [ -63.243281907548663, -32.432834813829807 ], [ -63.24317826294304, -32.432463792879759 ], [ -63.243290781299009, -32.432376070192142 ], [ -63.243258254687625, -32.432345010726898 ], [ -63.244022113263227, -32.431792790820452 ], [ -63.243691961692562, -32.431446115234124 ], [ -63.243437128714504, -32.431616205587638 ], [ -63.243249885664582, -32.431406825291631 ], [ -63.243433050375543, -32.431088024659708 ], [ -63.243475075163886, -32.431091101391665 ], [ -63.243379086654961, -32.430996112898093 ], [ -63.243424774536514, -32.43097708054335 ], [ -63.243303838145934, -32.430702168733575 ], [ -63.243257859750301, -32.43061294765895 ], [ -63.243479774592672, -32.430465023303412 ], [ -63.243225884999354, -32.430193074457513 ], [ -63.243422783279556, -32.430037980840957 ], [ -63.243383816412447, -32.429984831808447 ], [ -63.2431950499343, -32.429801164265228 ], [ -63.243431231147575, -32.429618932198444 ], [ -63.243624242112752, -32.429798982358491 ], [ -63.243702793758949, -32.429738839327506 ], [ -63.243316786013217, -32.429384151252108 ], [ -63.24347707138282, -32.429261154100203 ], [ -63.243206754150314, -32.429009985400739 ], [ -63.243371828173217, -32.428887880887942 ], [ -63.24317719467733, -32.428697007861629 ], [ -63.243328958987924, -32.428569967630814 ], [ -63.243270815510215, -32.428505127350668 ], [ -63.243276224720091, -32.42814291764747 ], [ -63.243309117943085, -32.42811308355558 ], [ -63.24330679769583, -32.428040918709144 ], [ -63.243396139882094, -32.428038942619061 ], [ -63.243450812298221, -32.427999143488513 ], [ -63.243142982963114, -32.427641146612196 ], [ -63.243634008019164, -32.42729919806132 ], [ -63.243565211640366, -32.427228063505829 ], [ -63.243548753259802, -32.427238920905026 ], [ -63.243257016336045, -32.426930960447251 ], [ -63.243777209729807, -32.42656008707079 ], [ -63.243368201105717, -32.426150865550035 ], [ -63.24385277898341, -32.425788180036797 ], [ -63.243769043737416, -32.425699032148572 ], [ -63.243887938034121, -32.425612199180321 ], [ -63.24384420096446, -32.425564922701462 ], [ -63.243981136907358, -32.425463169433144 ], [ -63.243873944689312, -32.425352867645401 ], [ -63.244009820867753, -32.42525291990745 ], [ -63.243929816741606, -32.425166922841619 ], [ -63.244008899434952, -32.42510813209573 ], [ -63.243939037745562, -32.425036098022666 ], [ -63.243912862123679, -32.424992847265457 ], [ -63.243879948527301, -32.425015013029665 ], [ -63.243779160132917, -32.424912817267419 ], [ -63.243840206978355, -32.424871202107035 ], [ -63.24385193905043, -32.424882906740962 ], [ -63.243919880405294, -32.424834060539482 ], [ -63.243985195563596, -32.42479784938643 ], [ -63.244066243028556, -32.42487617676769 ], [ -63.244259921910079, -32.424715224766253 ], [ -63.244102085634978, -32.424559915480764 ], [ -63.244222026580253, -32.424467216037129 ], [ -63.244212960858178, -32.424458212439419 ], [ -63.24428090656378, -32.424411170447556 ], [ -63.244179071000943, -32.424314841147101 ], [ -63.244466199358044, -32.424099129763178 ], [ -63.244218799619645, -32.423861901158354 ], [ -63.244366875973675, -32.42375110468496 ], [ -63.244316213347282, -32.423698880322405 ], [ -63.244526933383064, -32.423547817770704 ], [ -63.244338174448373, -32.423362799071292 ], [ -63.244515130143007, -32.422918163016156 ], [ -63.244076865588625, -32.422698895818897 ], [ -63.243695199319575, -32.422563866139107 ], [ -63.243291874588593, -32.422482102408672 ], [ -63.242913874830307, -32.422523877923489 ], [ -63.242580805470773, -32.422662092547313 ] ] ] } },
{ "type": "Feature", "properties": { "desig": "ZComR2", "id": 25.0, "layer": "2026 - Zona Comercial Residencial 2", "name": "Comercial Residencial 2", "fos": "80", "fot": "2", "h_max_1": "Planta Baja + 2 Pisos Superiores (Alt. Máx: 10,50)", "h_max_2": null, "ret_1": "Sin Retiro", "ret_2": null, "ancho_min": "10,0", "sup_min": "250", "u_perm": "Uso de suelo prioritario comercial, servicios, pymes, talleres y turismo.\nUso de suelo secundario residencial.", "u_cond": null, "u_no_conf": "Rurales, productivos e industriales. Edificios para reunion bajo techo tipo: Discotecas, boliches bailables, clubes nocturnos, peñas, circos, parques de diversiones.", "link1": "codigo_edificacion.pdf", "link2": "codigo_fraccionamiento.pdf", "link3": "codigo_urbano_rural.pdf", "link4": "anexo_grafico.pdf", "link5": "planilla_usos.pdf", "link6": "https://villanueva.gob.ar/obras-privadas/" }, "geometry": { "type": "Polygon", "coordinates": [ [ [ -63.253147811650642, -32.43509869002299 ], [ -63.253068712953763, -32.435017975998392 ], [ -63.253024501634215, -32.435048665854708 ], [ -63.252943140978807, -32.435104903061777 ], [ -63.252936770269443, -32.435108975553383 ], [ -63.252860854345698, -32.435160097843053 ], [ -63.252781245853711, -32.435222052159041 ], [ -63.252696828596676, -32.435275897574705 ], [ -63.252788050603023, -32.43537314281356 ], [ -63.252687219741567, -32.435454084617703 ], [ -63.252572565175818, -32.435535707831264 ], [ -63.252525514068687, -32.435566680945627 ], [ -63.252393506349769, -32.435440934332483 ], [ -63.252352195342411, -32.435475053825684 ], [ -63.252207857571463, -32.435594873174082 ], [ -63.252200957642188, -32.435599848442521 ], [ -63.252127179904612, -32.435655025706488 ], [ -63.252109143615968, -32.435672201454707 ], [ -63.252102746470101, -32.435666801927127 ], [ -63.252053922442684, -32.435706141285273 ], [ -63.25200722589954, -32.435745025490839 ], [ -63.251980150608588, -32.435763121959994 ], [ -63.251916978779271, -32.435807001443258 ], [ -63.25190211340098, -32.435816954078554 ], [ -63.251817179891532, -32.435877114922171 ], [ -63.251558147029002, -32.436066174031644 ], [ -63.251622147803289, -32.436129194266336 ], [ -63.25171496684483, -32.43622688885884 ], [ -63.25152495928797, -32.436372960371372 ], [ -63.251436844140521, -32.436437186105429 ], [ -63.251390130685593, -32.436470206905923 ], [ -63.251275996573717, -32.436549820589377 ], [ -63.251192806975219, -32.436471953189589 ], [ -63.251098862273359, -32.436543858832074 ], [ -63.251027931506876, -32.436474988036871 ], [ -63.250907994249978, -32.436572204378464 ], [ -63.25087774615433, -32.436597072793241 ], [ -63.250812127016964, -32.436525936911409 ], [ -63.250621154005685, -32.43632379198305 ], [ -63.250536750834094, -32.436383950907235 ], [ -63.250096753512864, -32.436722215813887 ], [ -63.250053572348257, -32.436756956867285 ], [ -63.250582638942042, -32.437265271380085 ], [ -63.250546188174432, -32.43729597017176 ], [ -63.250512747574604, -32.437320844847115 ], [ -63.250486741096275, -32.437341194155003 ], [ -63.250462861115452, -32.437361088351985 ], [ -63.250362023468348, -32.437441125639424 ], [ -63.250333226608262, -32.437414119421433 ], [ -63.250315094906476, -32.43739701580968 ], [ -63.250288967289862, -32.437373161318874 ], [ -63.25024278603437, -32.437407082388496 ], [ -63.250174846021039, -32.43745818720523 ], [ -63.250095918445155, -32.437383016791784 ], [ -63.249996196036037, -32.437288943544807 ], [ -63.249976022554016, -32.437302967086644 ], [ -63.249945766489034, -32.437325128225382 ], [ -63.249824743694546, -32.437415128943002 ], [ -63.249701025757375, -32.437299001952837 ], [ -63.249563016377259, -32.437401214285195 ], [ -63.249619027236847, -32.437460191657379 ], [ -63.24967503444131, -32.437517816379597 ], [ -63.249725172699556, -32.437569137726143 ], [ -63.249774249971914, -32.437620912033204 ], [ -63.249753019247777, -32.437637192021171 ], [ -63.249654836375555, -32.437715870846368 ], [ -63.24963891578485, -32.437728982346535 ], [ -63.249556114199223, -32.43779184359655 ], [ -63.249551867366868, -32.43779500995403 ], [ -63.249505519594912, -32.43783235414179 ], [ -63.249581913545001, -32.437904986993217 ], [ -63.24954215019811, -32.437936209663569 ], [ -63.249419023077294, -32.438034784427899 ], [ -63.249300146448199, -32.438131997125467 ], [ -63.249223192361349, -32.43819394392483 ], [ -63.249079777426317, -32.438071991202172 ], [ -63.248871759030429, -32.438247863921916 ], [ -63.248889889569178, -32.438264967741723 ], [ -63.248814001988194, -32.43832781483961 ], [ -63.248739178898475, -32.43839111066648 ], [ -63.248721047299277, -32.438374006827388 ], [ -63.248473743940636, -32.438577921654584 ], [ -63.248493993595488, -32.438591864308627 ], [ -63.248498773422035, -32.438589148714364 ], [ -63.248586754877607, -32.438668811919932 ], [ -63.248459925331204, -32.438775963320182 ], [ -63.248293107832332, -32.438624113123801 ], [ -63.24826011021473, -32.438646903273614 ], [ -63.247735166546512, -32.439049829742579 ], [ -63.247858874337844, -32.43916189895446 ], [ -63.247648136256501, -32.439317928281746 ], [ -63.247876872203456, -32.43951910155878 ], [ -63.247803100976277, -32.439578785932426 ], [ -63.247589805084388, -32.439382995404486 ], [ -63.247545220377994, -32.439417814997839 ], [ -63.247511245080631, -32.439441787267626 ], [ -63.24748311197871, -32.439463042787033 ], [ -63.247392876530874, -32.439531780418093 ], [ -63.247454203837428, -32.439589846536983 ], [ -63.24733690316878, -32.439681190166674 ], [ -63.247308239495766, -32.439702897565489 ], [ -63.247291254844399, -32.439716011757781 ], [ -63.247282230381849, -32.439722795336294 ], [ -63.247225967405164, -32.439766207111468 ], [ -63.247163040308571, -32.439706791391082 ], [ -63.247104916430025, -32.439652778543753 ], [ -63.247032927949043, -32.439586162893157 ], [ -63.24697906509239, -32.439534847793482 ], [ -63.246802842626167, -32.439670059559717 ], [ -63.246688734606941, -32.439566990763765 ], [ -63.246610177540866, -32.439627135592531 ], [ -63.246531079024983, -32.439684123488831 ], [ -63.246452001274591, -32.439748779811715 ], [ -63.246370780873264, -32.439808027045643 ], [ -63.246292217251892, -32.439865915499055 ], [ -63.246428204116889, -32.43999510353634 ], [ -63.246567959690033, -32.44014097280818 ], [ -63.246698104009575, -32.44027287724532 ], [ -63.246428968490996, -32.440471869333031 ], [ -63.246385985075918, -32.440508940666795 ], [ -63.246304571880707, -32.440440072428437 ], [ -63.246263011122274, -32.440470841284856 ], [ -63.245602766509528, -32.441004828998821 ], [ -63.245550227305841, -32.441049135415817 ], [ -63.24548282704982, -32.441105197184193 ], [ -63.245306092190781, -32.441249879860116 ], [ -63.245234843064459, -32.441259942406226 ], [ -63.2452332455318, -32.441259042860956 ], [ -63.245213039897784, -32.441261789265283 ], [ -63.245226910836905, -32.441277097487529 ], [ -63.245170106886555, -32.441317803228991 ], [ -63.245148774358285, -32.441297096294655 ], [ -63.245141872543009, -32.441302071177972 ], [ -63.245118938832334, -32.441279112068223 ], [ -63.245129025784536, -32.4412718757007 ], [ -63.24455700996301, -32.441391164309735 ], [ -63.244506885885038, -32.44134480325922 ], [ -63.244269037896039, -32.441117029921685 ], [ -63.244129885483815, -32.440996866855038 ], [ -63.243835875228569, -32.44124506704388 ], [ -63.243787897807522, -32.441205918286322 ], [ -63.243641796692174, -32.441073139064834 ], [ -63.24357087770192, -32.441007872910454 ], [ -63.24342225515376, -32.441124081612067 ], [ -63.243152811989546, -32.441212107366042 ], [ -63.242974254949686, -32.441471809920074 ], [ -63.243209816704642, -32.441839868756887 ], [ -63.244181078565582, -32.441833929843995 ], [ -63.244184843551309, -32.442243933797457 ], [ -63.244349165404714, -32.442229181644578 ], [ -63.244347821320765, -32.442716776960978 ], [ -63.245568027935441, -32.442709893244043 ], [ -63.245570991591215, -32.441841151385788 ], [ -63.245710864144044, -32.441833210082287 ], [ -63.245753948822596, -32.441833126024399 ], [ -63.245808206958387, -32.44183392280182 ], [ -63.24582576187175, -32.441834790294394 ], [ -63.245825244864662, -32.441840204531808 ], [ -63.24584492764118, -32.441841067868666 ], [ -63.245939076752222, -32.441840884065144 ], [ -63.245938770419521, -32.441923879381548 ], [ -63.245999941611586, -32.441924210798668 ], [ -63.246021218122024, -32.441924169241311 ], [ -63.246046754198368, -32.441925923768814 ], [ -63.246046999270462, -32.442016134742715 ], [ -63.246112959182462, -32.442016907626851 ], [ -63.246156041496263, -32.442015921681964 ], [ -63.246155751298218, -32.442104780167696 ], [ -63.246254156581998, -32.442105039588341 ], [ -63.246254911487732, -32.442187130170772 ], [ -63.246360762644642, -32.442186923171178 ], [ -63.246361185148508, -32.442146778069635 ], [ -63.246727142436583, -32.442146061727485 ], [ -63.246877142997064, -32.442146218678921 ], [ -63.24693512183886, -32.442146105021763 ], [ -63.246934192124151, -32.441805107743811 ], [ -63.247103845198673, -32.441794852120047 ], [ -63.247313951650888, -32.441794890618091 ], [ -63.247387885158709, -32.441793842768831 ], [ -63.247685215508, -32.44179010138086 ], [ -63.247684806096366, -32.441835207911048 ], [ -63.247727896768247, -32.44183692757548 ], [ -63.247806093603543, -32.441839029037098 ], [ -63.247844923618601, -32.44183895263474 ], [ -63.247891199553372, -32.441838861566062 ], [ -63.247924178746771, -32.441838796654324 ], [ -63.247936945022708, -32.441839222401505 ], [ -63.248000776953823, -32.44183999848623 ], [ -63.248080032081972, -32.441839842407745 ], [ -63.248332154957289, -32.44183799293549 ], [ -63.248335189756233, -32.442556972331062 ], [ -63.249917015290322, -32.44255180738336 ], [ -63.249917000654214, -32.442707203006364 ], [ -63.250301046750948, -32.442706891256243 ], [ -63.250299044284539, -32.442175098654808 ], [ -63.250402233331478, -32.442173991795329 ], [ -63.250504893168106, -32.442173787657509 ], [ -63.250505956570848, -32.442173785542515 ], [ -63.250608085952642, -32.442174033252449 ], [ -63.250711809190406, -32.442173826830121 ], [ -63.250711178849265, -32.44213819438712 ], [ -63.250710954102175, -32.442057004540978 ], [ -63.250711258559981, -32.441974911886717 ], [ -63.250711035062317, -32.441894172912846 ], [ -63.250809970554585, -32.441893975940651 ], [ -63.250909970508694, -32.441893776770215 ], [ -63.251009970647978, -32.441894028396874 ], [ -63.251284957469203, -32.441888969504596 ], [ -63.251286262399567, -32.441976021299403 ], [ -63.251374025514487, -32.44197494351787 ], [ -63.251479873878345, -32.441973830468697 ], [ -63.251551151662433, -32.441974139010028 ], [ -63.251825088019849, -32.441974042484496 ], [ -63.251823772730383, -32.441883833677899 ], [ -63.251823762698884, -32.441880225781524 ], [ -63.252087065544991, -32.441881954355843 ], [ -63.252193978247327, -32.441880837674908 ], [ -63.252248762060006, -32.441879826215903 ], [ -63.252303024029722, -32.441881972817974 ], [ -63.252401960753041, -32.441882225469641 ], [ -63.252407811575175, -32.441882213744769 ], [ -63.252474823505842, -32.441878922395894 ], [ -63.25265620662077, -32.441879009554924 ], [ -63.252655764257888, -32.441911035321155 ], [ -63.2527078920997, -32.441910930743816 ], [ -63.25276587076506, -32.441910814403371 ], [ -63.252778104112409, -32.441910789852436 ], [ -63.252850978008787, -32.441911094454994 ], [ -63.252956827726408, -32.441910881915774 ], [ -63.253063211468358, -32.4419111199932 ], [ -63.253108956785191, -32.441911028073456 ], [ -63.253109168552754, -32.441986804709934 ], [ -63.253108954705183, -32.442100922960442 ], [ -63.253108991261286, -32.442114003724683 ], [ -63.253109153868884, -32.442172189048506 ], [ -63.253167130179051, -32.44217117077401 ], [ -63.253260747879416, -32.442170982564619 ], [ -63.253309149310915, -32.442169983477321 ], [ -63.253327234596448, -32.442169947103615 ], [ -63.253357021562522, -32.442169887189479 ], [ -63.25357882796844, -32.442168989043196 ], [ -63.25357622510306, -32.441809051217774 ], [ -63.253893237982545, -32.441806157301002 ], [ -63.253897842891163, -32.44193109048971 ], [ -63.253991989509025, -32.441929998917722 ], [ -63.255479370727777, -32.441914202053049 ], [ -63.258185791972153, -32.441884534360966 ], [ -63.258140912448766, -32.438454601361315 ], [ -63.258091590877243, -32.435326405311123 ], [ -63.258069033706278, -32.434431007520878 ], [ -63.25777703008962, -32.434428892028947 ], [ -63.255311754469993, -32.434410909024329 ], [ -63.25530618885724, -32.434511956500003 ], [ -63.254684030119947, -32.434550750566885 ], [ -63.254633168085569, -32.434439796896086 ], [ -63.254523063566545, -32.434247869022009 ], [ -63.254480020737141, -32.434261938592385 ], [ -63.254404033996316, -32.434286900250612 ], [ -63.254333893948306, -32.434310947402032 ], [ -63.254237175458535, -32.434340010515697 ], [ -63.254178185159276, -32.434356819235845 ], [ -63.254134076380979, -32.434369988182546 ], [ -63.254072964682216, -32.434389056421701 ], [ -63.254043201777129, -32.434396784069037 ], [ -63.253956056094481, -32.434425827660846 ], [ -63.253955874023248, -32.434360875540285 ], [ -63.253790250040076, -32.434474876414669 ], [ -63.253437781732757, -32.434723215995305 ], [ -63.253536992130748, -32.434824053449184 ], [ -63.253369244119426, -32.434939861550092 ], [ -63.253197649207358, -32.435062746013557 ], [ -63.253147811650642, -32.43509869002299 ] ], [ [ -63.253334008264851, -32.441358932325258 ], [ -63.2532761472579, -32.44140099646809 ], [ -63.253149762416442, -32.441285780084634 ], [ -63.253033959625803, -32.441341042299811 ], [ -63.253009878817792, -32.44128921909568 ], [ -63.252888870189686, -32.441385085881677 ], [ -63.252825948141769, -32.441328830049706 ], [ -63.252768890995853, -32.441277974741638 ], [ -63.252646241223864, -32.441166810047882 ], [ -63.252498165409811, -32.441283930981612 ], [ -63.252436845046851, -32.441229927028644 ], [ -63.252385881538949, -32.441266113737342 ], [ -63.252355089285608, -32.441286923886878 ], [ -63.252257937995566, -32.441354777080292 ], [ -63.252169916794806, -32.441262937483835 ], [ -63.252111233584387, -32.441200809602613 ], [ -63.252094169004835, -32.441185056755145 ], [ -63.252015208965588, -32.441099964769627 ], [ -63.252165943196715, -32.440981937323272 ], [ -63.2518652036524, -32.440715061743219 ], [ -63.251838138141899, -32.44073721784828 ], [ -63.251744736101948, -32.440814084299966 ], [ -63.251667257448709, -32.440879191558331 ], [ -63.251594020390321, -32.440938877068042 ], [ -63.251520785930722, -32.440999916062154 ], [ -63.25144012179782, -32.441066833950295 ], [ -63.251181143426017, -32.441281151091403 ], [ -63.251102232739584, -32.441213198970104 ], [ -63.251004125132106, -32.441128144519624 ], [ -63.250904954322003, -32.441043093010734 ], [ -63.25086122858815, -32.441003937583581 ], [ -63.250798061317234, -32.441050973512681 ], [ -63.250770991696776, -32.441071775864003 ], [ -63.250542738086445, -32.441240925697819 ], [ -63.250384025154361, -32.441359869721019 ], [ -63.249394743415401, -32.441387091464172 ], [ -63.249204860127506, -32.441197120593252 ], [ -63.248777186998751, -32.441191200177173 ], [ -63.248361245309709, -32.441390035361529 ], [ -63.247728852762251, -32.441408872171543 ], [ -63.247628131538526, -32.441339156353912 ], [ -63.247676959456001, -32.441299818724204 ], [ -63.247610827419763, -32.441235898073465 ], [ -63.247331062562736, -32.441438070898592 ], [ -63.247090020942572, -32.44121211269195 ], [ -63.247051786699608, -32.441235191434274 ], [ -63.246904798857678, -32.441364030987806 ], [ -63.246831045161457, -32.441430932384591 ], [ -63.246770248694553, -32.441372864941691 ], [ -63.246707854759968, -32.441313898843781 ], [ -63.246639061394411, -32.441249081139837 ], [ -63.246641186786597, -32.441248175224018 ], [ -63.246577193186546, -32.441187858659518 ], [ -63.246511062007286, -32.44112393832777 ], [ -63.246591216579468, -32.441063790443572 ], [ -63.246669244433534, -32.441004098451799 ], [ -63.246746737866388, -32.4409430539257 ], [ -63.246699806771346, -32.440898040122903 ], [ -63.24668220674166, -32.440880934054555 ], [ -63.246878045266293, -32.440720875875002 ], [ -63.246887067400273, -32.440713190576723 ], [ -63.246912011206327, -32.440692844100923 ], [ -63.246984192703742, -32.440634966880651 ], [ -63.247034080051556, -32.440593823008875 ], [ -63.247084742676343, -32.440641986409936 ], [ -63.247106065646591, -32.440659085118767 ], [ -63.247178047651602, -32.440722993660835 ], [ -63.247255002818427, -32.440660145467582 ], [ -63.247326987393627, -32.440724956574911 ], [ -63.247401822018546, -32.440664819521615 ], [ -63.247414089531929, -32.440676973612433 ], [ -63.247474879777286, -32.440732785476698 ], [ -63.247509009636715, -32.440765194181033 ], [ -63.24759179669222, -32.440695117585882 ], [ -63.247660789004406, -32.440638148903858 ], [ -63.247736146389684, -32.44057485268165 ], [ -63.247696158552991, -32.440540200271307 ], [ -63.247624159063562, -32.44046997617351 ], [ -63.247705914622955, -32.440412080618536 ], [ -63.247677111433049, -32.440382818532157 ], [ -63.247636046755403, -32.440343205866519 ], [ -63.247711949173272, -32.440284870035526 ], [ -63.247652209963093, -32.440224094764069 ], [ -63.247644209225733, -32.440215992003218 ], [ -63.247575947722389, -32.440151173753506 ], [ -63.247597174494018, -32.440133089734026 ], [ -63.24762902080132, -32.440108218972817 ], [ -63.247667762507966, -32.440076117907623 ], [ -63.247686870057137, -32.440061195080858 ], [ -63.247696951733367, -32.440052154107782 ], [ -63.247709157697358, -32.440042207202168 ], [ -63.247728791816577, -32.440025028046549 ], [ -63.247885903633872, -32.439903836106538 ], [ -63.247989888568654, -32.440000156976112 ], [ -63.24808701321934, -32.439921933328847 ], [ -63.248158132447578, -32.439864960180799 ], [ -63.248179896902819, -32.439849130290398 ], [ -63.24822076257972, -32.439816122213855 ], [ -63.248228195799655, -32.439811146114216 ], [ -63.24827278167276, -32.439776778057976 ], [ -63.248367795341743, -32.43970487243584 ], [ -63.248456968253578, -32.439637037959898 ], [ -63.248503897083332, -32.439681148464985 ], [ -63.248556963256874, -32.439635938018846 ], [ -63.2486360381601, -32.439570829506486 ], [ -63.248890774515566, -32.439361036493324 ], [ -63.248925797730159, -32.43933119677255 ], [ -63.248940136222942, -32.439323049942722 ], [ -63.248975166847451, -32.439295917259372 ], [ -63.248808827539442, -32.439155064612272 ], [ -63.24903385205932, -32.438972844310761 ], [ -63.249117175600908, -32.438905922681997 ], [ -63.249184898129741, -32.438968035010767 ], [ -63.249277143771799, -32.439050846331746 ], [ -63.249350938427654, -32.439000182196054 ], [ -63.249778161513831, -32.438653825913434 ], [ -63.249677921263086, -32.438565165792241 ], [ -63.249752218374361, -32.43850412574119 ], [ -63.249747951615674, -32.438500074503779 ], [ -63.249697829170067, -32.438455068128917 ], [ -63.249674900009502, -32.438433914240797 ], [ -63.249813944330391, -32.438320874186147 ], [ -63.249786211771955, -32.438293865736384 ], [ -63.249881210421947, -32.438217899295971 ], [ -63.249954961743839, -32.438151898754008 ], [ -63.2499741568883, -32.438169001206631 ], [ -63.249985831731408, -32.438159054231171 ], [ -63.249973032540233, -32.438146901441129 ], [ -63.250009121839348, -32.438117961956117 ], [ -63.250027250076549, -32.438134163862337 ], [ -63.250054845510867, -32.438111105331991 ], [ -63.250222262942238, -32.43825691566694 ], [ -63.250293947341184, -32.438213021029959 ], [ -63.250315170621121, -32.43819403390075 ], [ -63.25038521394486, -32.43813390458417 ], [ -63.250500888299278, -32.43803308841396 ], [ -63.250482219774796, -32.438014181485727 ], [ -63.250549094180961, -32.437962176872318 ], [ -63.250558115909755, -32.437954941285632 ], [ -63.250496812686919, -32.4379058986692 ], [ -63.250458946514961, -32.437868986712353 ], [ -63.250834155675264, -32.437566031567449 ], [ -63.250913756311256, -32.437500018812678 ], [ -63.250970817710318, -32.437554032035152 ], [ -63.251100842426823, -32.437450029673862 ], [ -63.251176201010509, -32.437388986661567 ], [ -63.251254059878185, -32.437461902337816 ], [ -63.251334743485032, -32.437403103896742 ], [ -63.251414897819295, -32.437345209116266 ], [ -63.251452057194733, -32.437318973245389 ], [ -63.251504065932608, -32.437276920701947 ], [ -63.251482735427601, -32.437257117480613 ], [ -63.25174809008837, -32.43704504126125 ], [ -63.251677176169807, -32.436982936669139 ], [ -63.2516339848125, -32.436943781314248 ], [ -63.251604128150291, -32.436918130134082 ], [ -63.251850898278001, -32.436717819028551 ], [ -63.251870102250429, -32.436738078220486 ], [ -63.252055880697824, -32.436601035808991 ], [ -63.252175941969355, -32.436740172469982 ], [ -63.252844751166457, -32.436250786931858 ], [ -63.25278713390373, -32.436188206290971 ], [ -63.252732203988117, -32.436135993112629 ], [ -63.252675117281719, -32.436072959575412 ], [ -63.252746773592769, -32.436020042440489 ], [ -63.252826919504045, -32.435959890582282 ], [ -63.252910764099511, -32.435891161873734 ], [ -63.252953972938009, -32.435936180871522 ], [ -63.253444907016068, -32.435559011833497 ], [ -63.253600114285177, -32.435712961699764 ], [ -63.253707853449953, -32.435820095913392 ], [ -63.253800224540363, -32.435757212647701 ], [ -63.253881970628484, -32.435698862206841 ], [ -63.253668100045488, -32.435489099513916 ], [ -63.253826261889401, -32.435368799763935 ], [ -63.253884783708649, -32.435563990133772 ], [ -63.253895084946869, -32.435064197162561 ], [ -63.253888770851397, -32.434899122970066 ], [ -63.253954180052851, -32.434894931420075 ], [ -63.253945264675203, -32.435129950246342 ], [ -63.25401175253797, -32.435131169724237 ], [ -63.254220253541085, -32.435133004396029 ], [ -63.254221061180992, -32.43504188858261 ], [ -63.254435947820731, -32.435045063544194 ], [ -63.254437833561397, -32.434958907906605 ], [ -63.254970265920683, -32.434968205114146 ], [ -63.254970842831959, -32.434794998534343 ], [ -63.255022965506186, -32.434794893021525 ], [ -63.255020250286307, -32.434775051801779 ], [ -63.255098962451889, -32.43477308801333 ], [ -63.255315973832033, -32.434775805393677 ], [ -63.255319874853264, -32.435405023767125 ], [ -63.255319905360537, -32.435415848366176 ], [ -63.255425752347691, -32.435416987313758 ], [ -63.255662978195133, -32.435420114878937 ], [ -63.255851263137522, -32.435420183467535 ], [ -63.255851194348253, -32.435395826317119 ], [ -63.256028839209485, -32.435395014496784 ], [ -63.256530937417388, -32.43539715000918 ], [ -63.256519062346754, -32.434960099202812 ], [ -63.256517217261276, -32.434872146725503 ], [ -63.256659224879968, -32.43487095570817 ], [ -63.256765067617707, -32.434871190884664 ], [ -63.256870910140286, -32.434870975095386 ], [ -63.256960796534855, -32.43487079176726 ], [ -63.256962115725699, -32.434961000597575 ], [ -63.256962839075854, -32.43502820688493 ], [ -63.257166008561782, -32.435025987858431 ], [ -63.257168753998279, -32.434869013847482 ], [ -63.257535218368012, -32.434870069565712 ], [ -63.257534211469753, -32.434889918339067 ], [ -63.257536009038056, -32.434961182125072 ], [ -63.257536128284222, -32.435003129696412 ], [ -63.257536264200752, -32.43505094134273 ], [ -63.25753491669488, -32.435137998572351 ], [ -63.257536218511177, -32.43522189244019 ], [ -63.257535875342533, -32.435288199146207 ], [ -63.257535906116999, -32.435299024645332 ], [ -63.257535076163236, -32.435381118458793 ], [ -63.257534238733911, -32.435460956998675 ], [ -63.257536077129643, -32.435546203298536 ], [ -63.257537225083141, -32.435575970569609 ], [ -63.257537870868241, -32.435616113551561 ], [ -63.257537918313922, -32.435632803124847 ], [ -63.257537969604932, -32.435650845321838 ], [ -63.257538049105072, -32.435678810366348 ], [ -63.257538074750634, -32.435687831464776 ], [ -63.257539210947385, -32.435713088183775 ], [ -63.257538854958739, -32.435774884335487 ], [ -63.257538931895979, -32.435801947630317 ], [ -63.257541203449087, -32.435852911946192 ], [ -63.257540762827915, -32.435884937751325 ], [ -63.257541047501071, -32.435985072480925 ], [ -63.257619765783367, -32.435984911512556 ], [ -63.257658060531476, -32.435984833187113 ], [ -63.25764500626466, -32.441305983746354 ], [ -63.253406745622222, -32.441310974122466 ], [ -63.253342007088087, -32.441366132971574 ], [ -63.253334008264851, -32.441358932325258 ] ] ] } },
{ "type": "Feature", "properties": { "desig": "ZComR3", "id": 26.0, "layer": "2026 - Zona Comercial Residencial 3", "name": "Comercial Residencial 3", "fos": "70", "fot": "1.5", "h_max_1": "Planta Baja + 1 Piso Superior (Alt. Máx: 7,0)", "h_max_2": null, "ret_1": "de Frente: 2,50", "ret_2": null, "ancho_min": "12,0", "sup_min": "350", "u_perm": "Uso de suelo residencial y comercial barrial hasta dos plantas de altura.", "u_cond": null, "u_no_conf": "Residencias en altura de mas de dos plantas, edificios o torres exentas. Comerciales de gran escala. Talleres. Usos Rurales, productivos o industriales. Edificios para reunion bajo techo tipo:", "link1": "codigo_edificacion.pdf", "link2": "codigo_fraccionamiento.pdf", "link3": "codigo_urbano_rural.pdf", "link4": "anexo_grafico.pdf", "link5": "planilla_usos.pdf", "link6": "https://villanueva.gob.ar/obras-privadas/" }, "geometry": { "type": "MultiPolygon", "coordinates": [ [ [ [ -63.237066140105199, -32.44100584945857 ], [ -63.241400004107916, -32.439754954612184 ], [ -63.241316206473329, -32.439247224611549 ], [ -63.238210129463376, -32.440139916027228 ], [ -63.238214117841025, -32.440443018760213 ], [ -63.237808949241142, -32.440497911285249 ], [ -63.237685001641999, -32.437655128896154 ], [ -63.237546203922108, -32.437664863659911 ], [ -63.237275556118306, -32.435121741505348 ], [ -63.237453168861158, -32.435108776839925 ], [ -63.236849883857019, -32.432346847916747 ], [ -63.236542082307565, -32.430568903613832 ], [ -63.235724119593499, -32.430577202704654 ], [ -63.235722983284994, -32.432389106001715 ], [ -63.236438135886395, -32.435165832070666 ], [ -63.236583841267318, -32.435155183805897 ], [ -63.23686073558337, -32.4377180261341 ], [ -63.236684200905657, -32.437738203788733 ], [ -63.236787263052399, -32.440539078671804 ], [ -63.236326100779451, -32.440539944781321 ], [ -63.23631797015311, -32.440277895801607 ], [ -63.234294766818202, -32.439931203215558 ], [ -63.23436290827663, -32.440570225536902 ], [ -63.237066140105199, -32.44100584945857 ] ] ], [ [ [ -63.230080257837422, -32.428530810813669 ], [ -63.230566130299678, -32.429277776827512 ], [ -63.230735768964429, -32.429479089876466 ], [ -63.230985854975287, -32.431820977615864 ], [ -63.230628158776611, -32.434841918728509 ], [ -63.230461066266351, -32.435226976455468 ], [ -63.230468133669774, -32.435286954594794 ], [ -63.23060625664111, -32.436684981323623 ], [ -63.230559193249455, -32.436792870483487 ], [ -63.230934361534111, -32.440043147094919 ], [ -63.232118910795599, -32.440225262179332 ], [ -63.231756716381149, -32.43672172649498 ], [ -63.231672360578614, -32.435965570706614 ], [ -63.231653140539891, -32.435846135226825 ], [ -63.231568247581897, -32.435154130210869 ], [ -63.231761795628721, -32.435133025770533 ], [ -63.231688091686401, -32.434389817441229 ], [ -63.231894888523527, -32.434350195231737 ], [ -63.231814781444314, -32.433598879266924 ], [ -63.232018967926564, -32.4335791083926 ], [ -63.231947022134278, -32.432899946686931 ], [ -63.231947196877009, -32.432760118349293 ], [ -63.231913902840269, -32.432428201042633 ], [ -63.232036230076666, -32.432427975779099 ], [ -63.232036037623487, -32.431937224493801 ], [ -63.231925949998534, -32.431940134292347 ], [ -63.231921865299022, -32.431175146371693 ], [ -63.231821881652863, -32.431177134817517 ], [ -63.231821261569785, -32.430726979462477 ], [ -63.231663106034802, -32.429194122975538 ], [ -63.231059948638851, -32.428548864521503 ], [ -63.231020740549845, -32.428189893181276 ], [ -63.230809111977727, -32.428206068130116 ], [ -63.230731737451961, -32.427478201282135 ], [ -63.230164921840405, -32.427523893084249 ], [ -63.230162103455534, -32.427461200918394 ], [ -63.230184794919431, -32.42718195404737 ], [ -63.22995075448928, -32.427167947936006 ], [ -63.22997503908595, -32.426887796423898 ], [ -63.22931912014829, -32.426818175320065 ], [ -63.229007797141264, -32.426948195969707 ], [ -63.229991233503654, -32.428448880190118 ], [ -63.230080257837422, -32.428530810813669 ] ] ], [ [ [ -63.258286858186345, -32.429495078895826 ], [ -63.258324871150414, -32.429397120831524 ], [ -63.258325233213014, -32.428777817991751 ], [ -63.258225042136495, -32.428705854112913 ], [ -63.25822214472894, -32.428062199666144 ], [ -63.258252881520406, -32.427837058496181 ], [ -63.258252059574609, -32.427362096531525 ], [ -63.258007952156056, -32.427363047571255 ], [ -63.258007134080664, -32.426888986411306 ], [ -63.258115279317479, -32.42675309755699 ], [ -63.258114916248637, -32.426079116176744 ], [ -63.257911761940278, -32.426079983109204 ], [ -63.257913165789823, -32.425452107516023 ], [ -63.257557934127476, -32.425460050982295 ], [ -63.257521615028949, -32.425033951790589 ], [ -63.257189746772319, -32.425028765585196 ], [ -63.25723008627336, -32.425536841605869 ], [ -63.257269191730948, -32.42622202762761 ], [ -63.257295915766385, -32.426456072446577 ], [ -63.257324063060707, -32.42681686151348 ], [ -63.257298001991678, -32.426816012083798 ], [ -63.257327082440028, -32.42716651740578 ], [ -63.257316184117663, -32.427225987002345 ], [ -63.257528102529399, -32.427313962103383 ], [ -63.257505947178998, -32.427378057285786 ], [ -63.25750116044928, -32.427376169775989 ], [ -63.257550816949724, -32.430627839507508 ], [ -63.257643891275137, -32.430628100064581 ], [ -63.257652850158067, -32.43097314102809 ], [ -63.25754701347698, -32.43097380832625 ], [ -63.25749583633408, -32.431119153219427 ], [ -63.257503056578258, -32.431600868608548 ], [ -63.257508925999872, -32.432169189458087 ], [ -63.257594022801712, -32.432169015476845 ], [ -63.257594909667553, -32.432293957212032 ], [ -63.257667774541993, -32.43229380819259 ], [ -63.257674867773019, -32.432730867939419 ], [ -63.257506803325668, -32.432732114261022 ], [ -63.257512819046816, -32.433351855468572 ], [ -63.257596854942797, -32.433352134528178 ], [ -63.257603256577873, -32.433920003247607 ], [ -63.257518160694616, -32.433921078992817 ], [ -63.257520760185152, -32.43408706325954 ], [ -63.257773924463528, -32.434085191920225 ], [ -63.25777703008962, -32.434428892028947 ], [ -63.258069033706278, -32.434431007520878 ], [ -63.258257849714212, -32.434431966872729 ], [ -63.258206090520716, -32.43232022029477 ], [ -63.258206032676057, -32.432299922813499 ], [ -63.259502993856593, -32.432215164689211 ], [ -63.259492834722799, -32.431639185189468 ], [ -63.259479000329442, -32.431636958397199 ], [ -63.258231762199621, -32.431436996129946 ], [ -63.258286858186345, -32.429495078895826 ] ] ] ] } },
{ "type": "Feature", "properties": { "desig": "ZComRecre4", "id": 9.0, "layer": "2026 - Zona Comercial Recreativa 4", "name": "Comercial Recreativa 4", "fos": "70", "fot": "1.5", "h_max_1": "Planta Baja + 2 Pisos (Alt. Máx: 10,50)", "h_max_2": null, "ret_1": "de Frente: 1,50", "ret_2": null, "ancho_min": "12,0", "sup_min": "300", "u_perm": "Arteria secundaria con cantero central, a consolidar bajo los patrones de uso de suelo residenciales, comerciales y de servicios, deportivos y recreativos.", "u_cond": null, "u_no_conf": "Talleres. Usos Rurales, productivos o industriales. Edificios para reunion bajo techo tipo: Discotecas, boliches bailables, clubes nocturnos, peñas, circos, parques de diversiones.", "link1": "codigo_edificacion.pdf", "link2": "codigo_fraccionamiento.pdf", "link3": "codigo_urbano_rural.pdf", "link4": "anexo_grafico.pdf", "link5": "planilla_usos.pdf", "link6": "https://villanueva.gob.ar/obras-privadas/" }, "geometry": { "type": "Polygon", "coordinates": [ [ [ -63.226288097622842, -32.444223221952278 ], [ -63.226366835027129, -32.444440940629008 ], [ -63.226237141214696, -32.444479964415343 ], [ -63.226353255801101, -32.444753999014708 ], [ -63.228992642851338, -32.443984391665914 ], [ -63.22906513720028, -32.444250640673971 ], [ -63.229978042411553, -32.443994166613102 ], [ -63.230071963609724, -32.444113074397968 ], [ -63.230154878548127, -32.444087212099028 ], [ -63.230084892308966, -32.443892286977601 ], [ -63.233325979913964, -32.442955087573594 ], [ -63.233341759686439, -32.442886046201231 ], [ -63.233437815437483, -32.442386998910493 ], [ -63.236429744806955, -32.441528919659596 ], [ -63.236440768710963, -32.44147296766382 ], [ -63.237799922888854, -32.441111818257006 ], [ -63.237066140105199, -32.44100584945857 ], [ -63.23436290827663, -32.440570225536902 ], [ -63.234461827997812, -32.440769859379948 ], [ -63.234577112713865, -32.441743027122286 ], [ -63.230731941366734, -32.44280289803946 ], [ -63.230194249343228, -32.443253134901994 ], [ -63.228658989734186, -32.443623995050224 ], [ -63.226288097622842, -32.444223221952278 ] ] ] } },
{ "type": "Feature", "properties": { "desig": "ZComServ5", "id": 31.0, "layer": "2026 - Zona Comercial Residencial 5", "name": "Comercial - Servicios 5", "fos": "70", "fot": "3", "h_max_1": "Equivalente a Planta Baja + 2 Pisos. Altura Max.: 10,50", "h_max_2": "3 plantas + 3 plantas adicionales en forma de torre (Alt. Max: 21,0)", "ret_1": "de Frente: 2,50", "ret_2": "de Frente: 2,50 m y a partir de 3er planta, retiro de 4,0 m a c/ E.M.", "ancho_min": "12,0", "sup_min": "300", "u_perm": "Uso residencial, comercial barrial, de grandes superficies, pymes y servicios. Uso recreativo y Deportivo.", "u_cond": null, "u_no_conf": "Usos Rurales extensivos (cria de animales y tambos), talleres e industriales. Edificios para reunion bajo techo tipo: Discotecas, boliches bailables, clubes nocturnos, peñas, circos, parques de diversiones", "link1": "codigo_edificacion.pdf", "link2": "codigo_fraccionamiento.pdf", "link3": "codigo_urbano_rural.pdf", "link4": "anexo_grafico.pdf", "link5": "planilla_usos.pdf", "link6": "https://villanueva.gob.ar/obras-privadas/" }, "geometry": { "type": "Polygon", "coordinates": [ [ [ -63.236440768710963, -32.44147296766382 ], [ -63.236429744806955, -32.441528919659596 ], [ -63.236299051064435, -32.442200789582536 ], [ -63.238100787510874, -32.44245314560321 ], [ -63.239290168895906, -32.443463966048412 ], [ -63.235687813042993, -32.446468034590247 ], [ -63.232360858722252, -32.449297833675772 ], [ -63.228345833692671, -32.452753057333318 ], [ -63.226168199071083, -32.453639130402308 ], [ -63.223412806282013, -32.454700998710258 ], [ -63.219119842037834, -32.456323775641792 ], [ -63.21895587547219, -32.456498169423554 ], [ -63.218312234692839, -32.456752780393153 ], [ -63.218500762027986, -32.457055112178757 ], [ -63.219436213427556, -32.456473877806317 ], [ -63.226143937843901, -32.454018185133279 ], [ -63.228657037106103, -32.452961783153768 ], [ -63.234065040298113, -32.448391211331852 ], [ -63.237975036689562, -32.44500185673791 ], [ -63.240212113697652, -32.442906959770227 ], [ -63.241748225124823, -32.441682106325004 ], [ -63.237799922888854, -32.441111818257006 ], [ -63.236440768710963, -32.44147296766382 ] ] ] } },
{ "type": "Feature", "properties": { "desig": "ZDUrb1", "id": 29.0, "layer": "2026 - Zona Desarrollo Urbano 1", "name": "Desarrollo Urbano 1", "fos": "70", "fot": "4", "h_max_1": "Según Proyecto: Equivalente a Planta Baja + 2 Pisos (Alt. Max: 10,50)", "h_max_2": "Segun Proyecto: 3 Plantas  + 7 Plantas Adicionales (Alt. Max: 35,0)", "ret_1": "de Frente: 3,0", "ret_2": "A partir de 3er planta, retiro de 4,0 m a cada E.M.", "ancho_min": "12,0", "sup_min": "300", "u_perm": "residenciales de baja y media densidad, comercial barrial, de grandes superficies y servicios, turistico, institucional, recreativos, deportivos, oficinas y cocheras a definir segun proyectos de loteos, urbanizaciones y desarrollos inmobiliarios", "u_cond": "Explotaciones de agricultura intensiva y/o productivas preexistentes, pudiendo emitirse usos/funciones transitorios o precarios, limitando a futuro el desarrollo de la zona.", "u_no_conf": "Usos Rurales de ganaderia y agricultura extensiva, cria de animales, tambos, extractivas, talleres e industriales (con excepcion del predio detallado como Zona Industrial Alimentaria Existente - ZIAE).", "link1": "codigo_edificacion.pdf", "link2": "codigo_fraccionamiento.pdf", "link3": "codigo_urbano_rural.pdf", "link4": "anexo_grafico.pdf", "link5": "planilla_usos.pdf", "link6": "https://villanueva.gob.ar/obras-privadas/" }, "geometry": { "type": "MultiPolygon", "coordinates": [ [ [ [ -63.226143937843901, -32.454018185133279 ], [ -63.219436213427556, -32.456473877806317 ], [ -63.222595950555181, -32.460440786229654 ], [ -63.224970934017065, -32.46152090452776 ], [ -63.227042738736223, -32.461763011319633 ], [ -63.234211015286149, -32.461308157716701 ], [ -63.234060243247939, -32.454560774859708 ], [ -63.228680240880756, -32.4545661492023 ], [ -63.228701175007629, -32.456114137798238 ], [ -63.226073919298869, -32.456868989314508 ], [ -63.226143937843901, -32.454018185133279 ] ] ], [ [ [ -63.22867318784288, -32.447771892362553 ], [ -63.228120735914359, -32.447868968871376 ], [ -63.22751894050824, -32.447806007742429 ], [ -63.226937131239325, -32.447438994137336 ], [ -63.226585832760428, -32.446929030317818 ], [ -63.226348853901619, -32.446611010251601 ], [ -63.22528282268069, -32.448100959416614 ], [ -63.225412791574385, -32.448170189834414 ], [ -63.224304248199644, -32.449691780512723 ], [ -63.224305831442713, -32.450116222145482 ], [ -63.223391920759894, -32.450117846608499 ], [ -63.223412806282013, -32.454700998710258 ], [ -63.226168199071083, -32.453639130402308 ], [ -63.228345833692671, -32.452753057333318 ], [ -63.232360858722252, -32.449297833675772 ], [ -63.232182807938365, -32.449151117681112 ], [ -63.232255259111895, -32.448777057689625 ], [ -63.232269024965412, -32.448336800864517 ], [ -63.232170143065325, -32.447945917120336 ], [ -63.231945255954912, -32.44758097529045 ], [ -63.231500751973961, -32.447244852970925 ], [ -63.231095755961235, -32.447172976755049 ], [ -63.230460115952333, -32.44718722235045 ], [ -63.229991792877904, -32.447313922674446 ], [ -63.22867318784288, -32.447771892362553 ] ] ], [ [ [ -63.212607080616237, -32.447259221312002 ], [ -63.214949237782406, -32.45084115020704 ], [ -63.215877134404408, -32.452016821778976 ], [ -63.216327165147085, -32.450895172900225 ], [ -63.214530769392169, -32.445982173007394 ], [ -63.213054252215684, -32.447175921777202 ], [ -63.212607080616237, -32.447259221312002 ] ] ], [ [ [ -63.234164114820558, -32.448441996053781 ], [ -63.235266893966561, -32.448059580364436 ], [ -63.238747208568682, -32.446944903149195 ], [ -63.237975036689562, -32.44500185673791 ], [ -63.234065040298113, -32.448391211331852 ], [ -63.234062072667641, -32.448477819424774 ], [ -63.234164114820558, -32.448441996053781 ] ] ] ] } },
{ "type": "Feature", "properties": { "desig": "ZDUrb2", "id": null, "layer": "2026 - Zona Desarrollo Urbano 2", "name": "Desarrollo Urbano 2", "fos": "70", "fot": "4", "h_max_1": "Según Proyecto: Equivalente a Planta Baja + 2 Pisos (Alt. Max: 10,50)", "h_max_2": "Segun Proyecto: 3 Plantas  + 7 Plantas Adicionales (Alt. Max: 35,0)", "ret_1": "de Frente: 3,0", "ret_2": "A partir de 3e planta, retiro de 4,0 m a cada E.M.", "ancho_min": "12,0", "sup_min": "300", "u_perm": "residenciales de baja y media densidad, comercial barrial, de grandes superficies y servicios, turistico, institucional, recreativos, deportivos, oficinas y cocheras a definir segun proyectos de loteos, urbanizaciones y desarrollos inmobiliarios.", "u_cond": "Explotaciones de agricultura intensiva y/o productivas preexistentes, pudiendo emitirse usos/funciones transitorios o precarios, limitando a futuro el desarrollo de la zona.", "u_no_conf": "Usos Rurales de ganaderia y agricultura extensiva, cria de animales, tambos, extractivas, talleres e industriales.", "link1": "codigo_edificacion.pdf", "link2": "codigo_fraccionamiento.pdf", "link3": "codigo_urbano_rural.pdf", "link4": "anexo_grafico.pdf", "link5": "planilla_usos.pdf", "link6": "https://villanueva.gob.ar/obras-privadas/" }, "geometry": { "type": "Polygon", "coordinates": [ [ [ -63.268782347272158, -32.423836922481264 ], [ -63.268738479415269, -32.424321165087299 ], [ -63.268606742939504, -32.424710814183896 ], [ -63.268477715831899, -32.424995430779433 ], [ -63.268231381950102, -32.425444241605334 ], [ -63.268060158699647, -32.425759686619386 ], [ -63.267757872650293, -32.4261842798429 ], [ -63.267483688177116, -32.426409005308138 ], [ -63.267218355377778, -32.426563266267593 ], [ -63.266903129845268, -32.426698420479532 ], [ -63.266731119265771, -32.426748736614165 ], [ -63.266657085482031, -32.426781902091975 ], [ -63.26743971773778, -32.426861227077829 ], [ -63.266414035835759, -32.426757265438859 ], [ -63.265408256855061, -32.428234003537703 ], [ -63.265399088594535, -32.431459086407678 ], [ -63.266873901072231, -32.431452813621974 ], [ -63.266856979866219, -32.433653108915948 ], [ -63.276916243558446, -32.433676052272965 ], [ -63.276918219222679, -32.433974196672068 ], [ -63.277979803032977, -32.433965995298948 ], [ -63.277978900692837, -32.43367190735394 ], [ -63.279471857188646, -32.433674016290702 ], [ -63.279525806964493, -32.424784000132306 ], [ -63.280643128079262, -32.424777005616114 ], [ -63.280688069102773, -32.419196864325407 ], [ -63.280705772041237, -32.417014152946223 ], [ -63.280649026745799, -32.416892041769238 ], [ -63.280672930528567, -32.415853201207383 ], [ -63.279654030369919, -32.415838776942365 ], [ -63.278936909115167, -32.416949068827932 ], [ -63.278061115028351, -32.418172020497266 ], [ -63.27692687537855, -32.41888087583164 ], [ -63.276569822196379, -32.418979991173899 ], [ -63.27537421125033, -32.419449906248154 ], [ -63.273929818897223, -32.419426892996697 ], [ -63.273420546003045, -32.419274357940012 ], [ -63.273037227712045, -32.418820686870099 ], [ -63.27184263111365, -32.417757819395248 ], [ -63.271379866830131, -32.417352494454818 ], [ -63.270471030741412, -32.417113732782241 ], [ -63.269914511512276, -32.41710252428679 ], [ -63.269395514713857, -32.417252209304479 ], [ -63.26906453634389, -32.417482631797569 ], [ -63.268634321206648, -32.417868693599971 ], [ -63.268489577044107, -32.418337129189979 ], [ -63.268060137086913, -32.419834193622755 ], [ -63.268214496605289, -32.420197917670485 ], [ -63.26924420293718, -32.422624172204827 ], [ -63.268926803968206, -32.422832787779299 ], [ -63.26895529266492, -32.423085995017409 ], [ -63.268771744732589, -32.423316933208014 ], [ -63.268782347272158, -32.423836922481264 ] ] ] } },
{ "type": "Feature", "properties": { "desig": "ZE", "id": null, "layer": "2026 - Zonas Especiales", "name": "Especial", "fos": "60", "fot": "1.5", "h_max_1": "10,50", "h_max_2": null, "ret_1": "de Frente: 3,0", "ret_2": null, "ancho_min": "12,0", "sup_min": "300", "u_perm": "Usos de suelo recreativo, deportivo, gastronomico, turistico, social (estructuras y espacios para reunion al aire libre y/o edificios institucionales) y de infraestructura urbana de saneamiento cloacal (planta de tratamiento de efluentes).", "u_cond": "Uso de suelo residencial de baja y media densidad, comercial barrial y servicios. Usos turisticos (hospedajes, hoteles, alojamientos y entretenimientos).", "u_no_conf": "Usos Rurales, talleres e industriales.", "link1": "codigo_edificacion.pdf", "link2": "codigo_fraccionamiento.pdf", "link3": "codigo_urbano_rural.pdf", "link4": "anexo_grafico.pdf", "link5": "planilla_usos.pdf", "link6": "https://villanueva.gob.ar/obras-privadas/" }, "geometry": { "type": "MultiPolygon", "coordinates": [ [ [ [ -63.234164114820558, -32.448441996053781 ], [ -63.234062072667641, -32.448477819424774 ], [ -63.23405310872905, -32.452830084333797 ], [ -63.238773888567572, -32.452826183269963 ], [ -63.238771154918823, -32.45118479312891 ], [ -63.242841782974345, -32.451181970826958 ], [ -63.242848903669653, -32.448085000655674 ], [ -63.240212007209387, -32.448081036624963 ], [ -63.240212113697652, -32.442906959770227 ], [ -63.237975036689562, -32.44500185673791 ], [ -63.238747208568682, -32.446944903149195 ], [ -63.235266893966561, -32.448059580364436 ], [ -63.234164114820558, -32.448441996053781 ] ] ], [ [ [ -63.234577112713865, -32.441743027122286 ], [ -63.234461827997812, -32.440769859379948 ], [ -63.23436290827663, -32.440570225536902 ], [ -63.232118910795599, -32.440225262179332 ], [ -63.230934361534111, -32.440043147094919 ], [ -63.230289490186259, -32.439943998571486 ], [ -63.230307125582726, -32.440158223205799 ], [ -63.230463021795231, -32.44268521370757 ], [ -63.229995249307123, -32.442600818725616 ], [ -63.229890757642877, -32.442089059271282 ], [ -63.228652967276354, -32.442292033016699 ], [ -63.228658989734186, -32.443623995050224 ], [ -63.230194249343228, -32.443253134901994 ], [ -63.230731941366734, -32.44280289803946 ], [ -63.234577112713865, -32.441743027122286 ] ] ], [ [ [ -63.26570388029549, -32.432742154770295 ], [ -63.263947823986776, -32.432740147396451 ], [ -63.263946875802198, -32.43460527251257 ], [ -63.265707240839149, -32.434613134805574 ], [ -63.26570388029549, -32.432742154770295 ] ] ], [ [ [ -63.223687115031453, -32.43114583441384 ], [ -63.224286967369864, -32.431814094390113 ], [ -63.224918034343077, -32.432517115182307 ], [ -63.225331157573152, -32.432249801650485 ], [ -63.226498184150181, -32.433789876825372 ], [ -63.228459788591508, -32.435296025399154 ], [ -63.228692993723385, -32.435392128816019 ], [ -63.230468133669774, -32.435286954594794 ], [ -63.230461066266351, -32.435226976455468 ], [ -63.230628158776611, -32.434841918728509 ], [ -63.230985854975287, -32.431820977615864 ], [ -63.230735768964429, -32.429479089876466 ], [ -63.230566130299678, -32.429277776827512 ], [ -63.229562199198668, -32.429350877814464 ], [ -63.228190749673104, -32.427306916551636 ], [ -63.226423736017374, -32.42804893901554 ], [ -63.22605188896447, -32.427797915752834 ], [ -63.225915947186721, -32.427667804400564 ], [ -63.225852812050071, -32.427728810507787 ], [ -63.225173947522059, -32.42943490334067 ], [ -63.224406889470252, -32.430358810073479 ], [ -63.223687115031453, -32.43114583441384 ] ] ], [ [ [ -63.259460080357194, -32.429673091204428 ], [ -63.258286858186345, -32.429495078895826 ], [ -63.258231762199621, -32.431436996129946 ], [ -63.259479000329442, -32.431636958397199 ], [ -63.259492834722799, -32.431639185189468 ], [ -63.259460080357194, -32.429673091204428 ] ] ], [ [ [ -63.246861792675247, -32.422458017704876 ], [ -63.246403862313507, -32.422244210371737 ], [ -63.245964936199059, -32.422173800383042 ], [ -63.245451106006193, -32.422132854524648 ], [ -63.244954162732157, -32.422043158136368 ], [ -63.244388073474191, -32.421948182482573 ], [ -63.243756978255036, -32.422003982957484 ], [ -63.24339013353908, -32.422039875093617 ], [ -63.24286614270283, -32.42197683535376 ], [ -63.242470250450367, -32.422088107250346 ], [ -63.241735214574469, -32.422254156104458 ], [ -63.241058181812789, -32.422434975009921 ], [ -63.240031833220833, -32.422646225954296 ], [ -63.239478108300041, -32.422802894922938 ], [ -63.239198184208803, -32.422930173999227 ], [ -63.238915876162366, -32.42316210313686 ], [ -63.238634003197959, -32.423492795714587 ], [ -63.23954894395002, -32.424236602032018 ], [ -63.239651599756868, -32.424141614156433 ], [ -63.240052302095826, -32.423941416130468 ], [ -63.241093270274192, -32.423703753452038 ], [ -63.24235510759069, -32.423099983482039 ], [ -63.242177384803419, -32.42287965094188 ], [ -63.242590954038356, -32.422673010414009 ], [ -63.242580805470773, -32.422662092547313 ], [ -63.242913874830307, -32.422523877923489 ], [ -63.243291874588593, -32.422482102408672 ], [ -63.243695199319575, -32.422563866139107 ], [ -63.244076865588625, -32.422698895818897 ], [ -63.244515130143007, -32.422918163016156 ], [ -63.244592882309789, -32.422958156496065 ], [ -63.244863205915472, -32.423216990127031 ], [ -63.245745772595271, -32.423720006509974 ], [ -63.245564760784994, -32.423843949676851 ], [ -63.246248218362467, -32.424069949391573 ], [ -63.246583032561446, -32.424182059177902 ], [ -63.246629876328917, -32.424198205413958 ], [ -63.246897778638164, -32.423955010844558 ], [ -63.247871092016766, -32.422965213825371 ], [ -63.247604249839235, -32.42287018208804 ], [ -63.246861792675247, -32.422458017704876 ] ] ], [ [ [ -63.256719818240626, -32.420026055105517 ], [ -63.256785234014231, -32.420065924630066 ], [ -63.258550460177361, -32.41816019865086 ], [ -63.259210279981268, -32.417391639045981 ], [ -63.258447205588894, -32.417091994433498 ], [ -63.257674043771949, -32.417103049962542 ], [ -63.256720770798118, -32.41735804053242 ], [ -63.256718114510996, -32.417358947701388 ], [ -63.255983968713402, -32.417816912520422 ], [ -63.255759240507558, -32.418457873309876 ], [ -63.255673996877526, -32.418966840080188 ], [ -63.255618151813735, -32.419529875065273 ], [ -63.255687745834287, -32.419794339040777 ], [ -63.255814875370248, -32.42008202272379 ], [ -63.256318244803509, -32.420050891863802 ], [ -63.256719818240626, -32.420026055105517 ] ] ] ] } },
{ "type": "Feature", "properties": { "desig": "ZIAE", "id": null, "layer": "2026 - Zona Industrial Alimenticia Existente", "name": "Industrial Alimenticia Existente", "fos": "60", "fot": "1.5", "h_max_1": "14,0", "h_max_2": null, "ret_1": "de Frente: 3,0 - Lateral: 1,5", "ret_2": null, "ancho_min": "segun zona adyacente.", "sup_min": "segun zona adyacente.", "u_perm": "Predio de uso de suelo industrial predominante en funcionamiento y habilitado.", "u_cond": "Ampliaciones del uso industrial.", "u_no_conf": "Uso de suelo residencial unifamiliar o multifamiliar.", "link1": "codigo_edificacion.pdf", "link2": "codigo_fraccionamiento.pdf", "link3": "codigo_urbano_rural.pdf", "link4": "anexo_grafico.pdf", "link5": "planilla_usos.pdf", "link6": "https://villanueva.gob.ar/obras-privadas/" }, "geometry": { "type": "MultiPolygon", "coordinates": [ [ [ [ -63.226143937843901, -32.454018185133279 ], [ -63.226073919298869, -32.456868989314508 ], [ -63.228701175007629, -32.456114137798238 ], [ -63.228680240880756, -32.4545661492023 ], [ -63.228657037106103, -32.452961783153768 ], [ -63.226143937843901, -32.454018185133279 ] ] ], [ [ [ -63.251227954063395, -32.455852898502584 ], [ -63.256159116196564, -32.455880852785256 ], [ -63.256609692020277, -32.455361963893161 ], [ -63.256586086837281, -32.453362187239435 ], [ -63.251246775300139, -32.4534338457605 ], [ -63.251227954063395, -32.455852898502584 ] ] ], [ [ [ -63.255478281372255, -32.442659350233839 ], [ -63.255479370727777, -32.441914202053049 ], [ -63.253991989509025, -32.441929998917722 ], [ -63.253992057582437, -32.442713033762814 ], [ -63.255478281372255, -32.442659350233839 ] ] ], [ [ [ -63.222622681392949, -32.438860218975272 ], [ -63.228603085163975, -32.439800065641336 ], [ -63.228692993723385, -32.435392128816019 ], [ -63.228459788591508, -32.435296025399154 ], [ -63.226937201346807, -32.43515398821453 ], [ -63.225604128542038, -32.434223143462347 ], [ -63.225397099995725, -32.43395693890735 ], [ -63.224918034343077, -32.432517115182307 ], [ -63.224286967369864, -32.431814094390113 ], [ -63.224047882097452, -32.432493608714758 ], [ -63.22392432536121, -32.43322556170915 ], [ -63.223522240511336, -32.433903285097749 ], [ -63.22299763294297, -32.434241938582048 ], [ -63.221977126095489, -32.434601007558442 ], [ -63.222086407372025, -32.43528009201917 ], [ -63.222546353942356, -32.436266803378771 ], [ -63.22230560388514, -32.438372529175204 ], [ -63.222622681392949, -32.438860218975272 ] ] ], [ [ [ -63.277225925463654, -32.434589213121711 ], [ -63.275850963237538, -32.434565168166422 ], [ -63.275861061827058, -32.436309835945366 ], [ -63.277223086646011, -32.435921191831149 ], [ -63.277225925463654, -32.434589213121711 ] ] ], [ [ [ -63.241324203300614, -32.426922475970734 ], [ -63.241008457994255, -32.426960836021131 ], [ -63.24092655035404, -32.426972997764921 ], [ -63.240957915134459, -32.427235117954844 ], [ -63.240970873224079, -32.427495192081167 ], [ -63.240819092939923, -32.429465992095913 ], [ -63.242171211909501, -32.429546463556321 ], [ -63.242903057915242, -32.429586719298214 ], [ -63.242950148082386, -32.426532816791763 ], [ -63.243063852579979, -32.425699943768471 ], [ -63.242984394840661, -32.425557411247688 ], [ -63.242984148316559, -32.425557464025033 ], [ -63.242851770905716, -32.425634097120167 ], [ -63.241324203300614, -32.426922475970734 ] ] ] ] } },
{ "type": "Feature", "properties": { "desig": "ZPCons", "id": 40.0, "layer": "2026 - Zona Pericentral Consolidada", "name": "Pericentral Consolidada", "fos": "70", "fot": "1.5", "h_max_1": "Planta Baja + 1 piso superior  (Alt. Max: 7,0)", "h_max_2": null, "ret_1": "Sin Retiro", "ret_2": null, "ancho_min": "10,0", "sup_min": "200", "u_perm": "Uso residencial, comercial barrial, pymes, talleres, galpones y servicios.", "u_cond": "Usos productivos intensivos.", "u_no_conf": "Usos Rurales e industriales. Edificios para reunión bajo techo tipo: Discotecas, boliches bailables, clubes nocturnos, peñas, circos, parques de diversiones.", "link1": "codigo_edificacion.pdf", "link2": "codigo_fraccionamiento.pdf", "link3": "codigo_urbano_rural.pdf", "link4": "anexo_grafico.pdf", "link5": "planilla_usos.pdf", "link6": "https://villanueva.gob.ar/obras-privadas/" }, "geometry": { "type": "MultiPolygon", "coordinates": [ [ [ [ -63.253260747879416, -32.442170982564619 ], [ -63.253167130179051, -32.44217117077401 ], [ -63.253109153868884, -32.442172189048506 ], [ -63.253108991261286, -32.442114003724683 ], [ -63.253108954705183, -32.442100922960442 ], [ -63.253109168552754, -32.441986804709934 ], [ -63.253108956785191, -32.441911028073456 ], [ -63.253063211468358, -32.4419111199932 ], [ -63.252956827726408, -32.441910881915774 ], [ -63.252850978008787, -32.441911094454994 ], [ -63.252778104112409, -32.441910789852436 ], [ -63.25276587076506, -32.441910814403371 ], [ -63.2527078920997, -32.441910930743816 ], [ -63.252655764257888, -32.441911035321155 ], [ -63.25265620662077, -32.441879009554924 ], [ -63.252474823505842, -32.441878922395894 ], [ -63.252407811575175, -32.441882213744769 ], [ -63.252401960753041, -32.441882225469641 ], [ -63.252303024029722, -32.441881972817974 ], [ -63.252248762060006, -32.441879826215903 ], [ -63.252193978247327, -32.441880837674908 ], [ -63.252087065544991, -32.441881954355843 ], [ -63.251823762698884, -32.441880225781524 ], [ -63.251823772730383, -32.441883833677899 ], [ -63.251825088019849, -32.441974042484496 ], [ -63.251551151662433, -32.441974139010028 ], [ -63.251479873878345, -32.441973830468697 ], [ -63.251374025514487, -32.44197494351787 ], [ -63.251286262399567, -32.441976021299403 ], [ -63.251284957469203, -32.441888969504596 ], [ -63.251009970647978, -32.441894028396874 ], [ -63.250909970508694, -32.441893776770215 ], [ -63.250809970554585, -32.441893975940651 ], [ -63.250711035062317, -32.441894172912846 ], [ -63.250711258559981, -32.441974911886717 ], [ -63.250710954102175, -32.442057004540978 ], [ -63.250711178849265, -32.44213819438712 ], [ -63.250711809190406, -32.442173826830121 ], [ -63.250608085952642, -32.442174033252449 ], [ -63.250505956570848, -32.442173785542515 ], [ -63.250504893168106, -32.442173787657509 ], [ -63.250402233331478, -32.442173991795329 ], [ -63.250299044284539, -32.442175098654808 ], [ -63.250301046750948, -32.442706891256243 ], [ -63.249917000654214, -32.442707203006364 ], [ -63.249917015290322, -32.44255180738336 ], [ -63.248335189756233, -32.442556972331062 ], [ -63.248332154957289, -32.44183799293549 ], [ -63.248080032081972, -32.441839842407745 ], [ -63.248000776953823, -32.44183999848623 ], [ -63.247936945022708, -32.441839222401505 ], [ -63.247924178746771, -32.441838796654324 ], [ -63.247891199553372, -32.441838861566062 ], [ -63.247844923618601, -32.44183895263474 ], [ -63.247806093603543, -32.441839029037098 ], [ -63.247727896768247, -32.44183692757548 ], [ -63.247684806096366, -32.441835207911048 ], [ -63.247685215508, -32.44179010138086 ], [ -63.247387885158709, -32.441793842768831 ], [ -63.247313951650888, -32.441794890618091 ], [ -63.247103845198673, -32.441794852120047 ], [ -63.246934192124151, -32.441805107743811 ], [ -63.24693512183886, -32.442146105021763 ], [ -63.246877142997064, -32.442146218678921 ], [ -63.246727142436583, -32.442146061727485 ], [ -63.246361185148508, -32.442146778069635 ], [ -63.246360762644642, -32.442186923171178 ], [ -63.246254911487732, -32.442187130170772 ], [ -63.246254156581998, -32.442105039588341 ], [ -63.246155751298218, -32.442104780167696 ], [ -63.246156041496263, -32.442015921681964 ], [ -63.246112959182462, -32.442016907626851 ], [ -63.246046999270462, -32.442016134742715 ], [ -63.246046754198368, -32.441925923768814 ], [ -63.246021218122024, -32.441924169241311 ], [ -63.245999941611586, -32.441924210798668 ], [ -63.245938770419521, -32.441923879381548 ], [ -63.245939076752222, -32.441840884065144 ], [ -63.24584492764118, -32.441841067868666 ], [ -63.245825244864662, -32.441840204531808 ], [ -63.24582576187175, -32.441834790294394 ], [ -63.245808206958387, -32.44183392280182 ], [ -63.245753948822596, -32.441833126024399 ], [ -63.245710864144044, -32.441833210082287 ], [ -63.245570991591215, -32.441841151385788 ], [ -63.245568027935441, -32.442709893244043 ], [ -63.244347821320765, -32.442716776960978 ], [ -63.244349165404714, -32.442229181644578 ], [ -63.244184843551309, -32.442243933797457 ], [ -63.244188763034771, -32.442711222234927 ], [ -63.243452064755488, -32.442715805404681 ], [ -63.243503151823198, -32.443119853746957 ], [ -63.243776028360962, -32.443119777668628 ], [ -63.243773452006899, -32.443914781314362 ], [ -63.243853896324588, -32.445765076927671 ], [ -63.243911877496387, -32.445764964651097 ], [ -63.243910126974079, -32.446299921466789 ], [ -63.243911922741347, -32.446355043067683 ], [ -63.245158739946504, -32.446353879252996 ], [ -63.245147987104232, -32.447491015404999 ], [ -63.244930950317617, -32.447490084155532 ], [ -63.244919889767168, -32.448711117074552 ], [ -63.244938141091737, -32.448771974246078 ], [ -63.253995118099446, -32.448735088687748 ], [ -63.253992057582437, -32.442713033762814 ], [ -63.253991989509025, -32.441929998917722 ], [ -63.253897842891163, -32.44193109048971 ], [ -63.253893237982545, -32.441806157301002 ], [ -63.25357622510306, -32.441809051217774 ], [ -63.25357882796844, -32.442168989043196 ], [ -63.253357021562522, -32.442169887189479 ], [ -63.253327234596448, -32.442169947103615 ], [ -63.253309149310915, -32.442169983477321 ], [ -63.253260747879416, -32.442170982564619 ] ] ], [ [ [ -63.257658060531476, -32.435984833187113 ], [ -63.257619765783367, -32.435984911512556 ], [ -63.257541047501071, -32.435985072480925 ], [ -63.257540762827915, -32.435884937751325 ], [ -63.257541203449087, -32.435852911946192 ], [ -63.257538931895979, -32.435801947630317 ], [ -63.257538854958739, -32.435774884335487 ], [ -63.257539210947385, -32.435713088183775 ], [ -63.257538074750634, -32.435687831464776 ], [ -63.257538049105072, -32.435678810366348 ], [ -63.257537969604932, -32.435650845321838 ], [ -63.257537918313922, -32.435632803124847 ], [ -63.257537870868241, -32.435616113551561 ], [ -63.257537225083141, -32.435575970569609 ], [ -63.257536077129643, -32.435546203298536 ], [ -63.257534238733911, -32.435460956998675 ], [ -63.257535076163236, -32.435381118458793 ], [ -63.257535906116999, -32.435299024645332 ], [ -63.257535875342533, -32.435288199146207 ], [ -63.257536218511177, -32.43522189244019 ], [ -63.25753491669488, -32.435137998572351 ], [ -63.257536264200752, -32.43505094134273 ], [ -63.257536128284222, -32.435003129696412 ], [ -63.257536009038056, -32.434961182125072 ], [ -63.257534211469753, -32.434889918339067 ], [ -63.257535218368012, -32.434870069565712 ], [ -63.257168753998279, -32.434869013847482 ], [ -63.257166008561782, -32.435025987858431 ], [ -63.256962839075854, -32.43502820688493 ], [ -63.256962115725699, -32.434961000597575 ], [ -63.256960796534855, -32.43487079176726 ], [ -63.256870910140286, -32.434870975095386 ], [ -63.256765067617707, -32.434871190884664 ], [ -63.256659224879968, -32.43487095570817 ], [ -63.256517217261276, -32.434872146725503 ], [ -63.256519062346754, -32.434960099202812 ], [ -63.256530937417388, -32.43539715000918 ], [ -63.256028839209485, -32.435395014496784 ], [ -63.255851194348253, -32.435395826317119 ], [ -63.255851263137522, -32.435420183467535 ], [ -63.255662978195133, -32.435420114878937 ], [ -63.255425752347691, -32.435416987313758 ], [ -63.255319905360537, -32.435415848366176 ], [ -63.255319874853264, -32.435405023767125 ], [ -63.255315973832033, -32.434775805393677 ], [ -63.255098962451889, -32.43477308801333 ], [ -63.255020250286307, -32.434775051801779 ], [ -63.255022965506186, -32.434794893021525 ], [ -63.254970842831959, -32.434794998534343 ], [ -63.254970265920683, -32.434968205114146 ], [ -63.254437833561397, -32.434958907906605 ], [ -63.254435947820731, -32.435045063544194 ], [ -63.254221061180992, -32.43504188858261 ], [ -63.254220253541085, -32.435133004396029 ], [ -63.25401175253797, -32.435131169724237 ], [ -63.253945264675203, -32.435129950246342 ], [ -63.253954180052851, -32.434894931420075 ], [ -63.253888770851397, -32.434899122970066 ], [ -63.253895084946869, -32.435064197162561 ], [ -63.253884783708649, -32.435563990133772 ], [ -63.253826261889401, -32.435368799763935 ], [ -63.253668100045488, -32.435489099513916 ], [ -63.253881970628484, -32.435698862206841 ], [ -63.253800224540363, -32.435757212647701 ], [ -63.253707853449953, -32.435820095913392 ], [ -63.253600114285177, -32.435712961699764 ], [ -63.253444907016068, -32.435559011833497 ], [ -63.252953972938009, -32.435936180871522 ], [ -63.252910764099511, -32.435891161873734 ], [ -63.252826919504045, -32.435959890582282 ], [ -63.252746773592769, -32.436020042440489 ], [ -63.252675117281719, -32.436072959575412 ], [ -63.252732203988117, -32.436135993112629 ], [ -63.25278713390373, -32.436188206290971 ], [ -63.252844751166457, -32.436250786931858 ], [ -63.252175941969355, -32.436740172469982 ], [ -63.252055880697824, -32.436601035808991 ], [ -63.251870102250429, -32.436738078220486 ], [ -63.251850898278001, -32.436717819028551 ], [ -63.251604128150291, -32.436918130134082 ], [ -63.2516339848125, -32.436943781314248 ], [ -63.251677176169807, -32.436982936669139 ], [ -63.25174809008837, -32.43704504126125 ], [ -63.251482735427601, -32.437257117480613 ], [ -63.251504065932608, -32.437276920701947 ], [ -63.251452057194733, -32.437318973245389 ], [ -63.251414897819295, -32.437345209116266 ], [ -63.251334743485032, -32.437403103896742 ], [ -63.251254059878185, -32.437461902337816 ], [ -63.251176201010509, -32.437388986661567 ], [ -63.251100842426823, -32.437450029673862 ], [ -63.250970817710318, -32.437554032035152 ], [ -63.250913756311256, -32.437500018812678 ], [ -63.250834155675264, -32.437566031567449 ], [ -63.250458946514961, -32.437868986712353 ], [ -63.250496812686919, -32.4379058986692 ], [ -63.250558115909755, -32.437954941285632 ], [ -63.250549094180961, -32.437962176872318 ], [ -63.250482219774796, -32.438014181485727 ], [ -63.250500888299278, -32.43803308841396 ], [ -63.25038521394486, -32.43813390458417 ], [ -63.250315170621121, -32.43819403390075 ], [ -63.250293947341184, -32.438213021029959 ], [ -63.250222262942238, -32.43825691566694 ], [ -63.250054845510867, -32.438111105331991 ], [ -63.250027250076549, -32.438134163862337 ], [ -63.250009121839348, -32.438117961956117 ], [ -63.249973032540233, -32.438146901441129 ], [ -63.249985831731408, -32.438159054231171 ], [ -63.2499741568883, -32.438169001206631 ], [ -63.249954961743839, -32.438151898754008 ], [ -63.249881210421947, -32.438217899295971 ], [ -63.249786211771955, -32.438293865736384 ], [ -63.249813944330391, -32.438320874186147 ], [ -63.249674900009502, -32.438433914240797 ], [ -63.249697829170067, -32.438455068128917 ], [ -63.249747951615674, -32.438500074503779 ], [ -63.249752218374361, -32.43850412574119 ], [ -63.249677921263086, -32.438565165792241 ], [ -63.249778161513831, -32.438653825913434 ], [ -63.249350938427654, -32.439000182196054 ], [ -63.249277143771799, -32.439050846331746 ], [ -63.249184898129741, -32.438968035010767 ], [ -63.249117175600908, -32.438905922681997 ], [ -63.24903385205932, -32.438972844310761 ], [ -63.248808827539442, -32.439155064612272 ], [ -63.248975166847451, -32.439295917259372 ], [ -63.248940136222942, -32.439323049942722 ], [ -63.248925797730159, -32.43933119677255 ], [ -63.248890774515566, -32.439361036493324 ], [ -63.2486360381601, -32.439570829506486 ], [ -63.248556963256874, -32.439635938018846 ], [ -63.248503897083332, -32.439681148464985 ], [ -63.248456968253578, -32.439637037959898 ], [ -63.248367795341743, -32.43970487243584 ], [ -63.24827278167276, -32.439776778057976 ], [ -63.248228195799655, -32.439811146114216 ], [ -63.24822076257972, -32.439816122213855 ], [ -63.248179896902819, -32.439849130290398 ], [ -63.248158132447578, -32.439864960180799 ], [ -63.24808701321934, -32.439921933328847 ], [ -63.247989888568654, -32.440000156976112 ], [ -63.247885903633872, -32.439903836106538 ], [ -63.247728791816577, -32.440025028046549 ], [ -63.247709157697358, -32.440042207202168 ], [ -63.247696951733367, -32.440052154107782 ], [ -63.247686870057137, -32.440061195080858 ], [ -63.247667762507966, -32.440076117907623 ], [ -63.24762902080132, -32.440108218972817 ], [ -63.247597174494018, -32.440133089734026 ], [ -63.247575947722389, -32.440151173753506 ], [ -63.247644209225733, -32.440215992003218 ], [ -63.247652209963093, -32.440224094764069 ], [ -63.247711949173272, -32.440284870035526 ], [ -63.247636046755403, -32.440343205866519 ], [ -63.247677111433049, -32.440382818532157 ], [ -63.247705914622955, -32.440412080618536 ], [ -63.247624159063562, -32.44046997617351 ], [ -63.247696158552991, -32.440540200271307 ], [ -63.247736146389684, -32.44057485268165 ], [ -63.247660789004406, -32.440638148903858 ], [ -63.24759179669222, -32.440695117585882 ], [ -63.247509009636715, -32.440765194181033 ], [ -63.247474879777286, -32.440732785476698 ], [ -63.247414089531929, -32.440676973612433 ], [ -63.247401822018546, -32.440664819521615 ], [ -63.247326987393627, -32.440724956574911 ], [ -63.247255002818427, -32.440660145467582 ], [ -63.247178047651602, -32.440722993660835 ], [ -63.247106065646591, -32.440659085118767 ], [ -63.247084742676343, -32.440641986409936 ], [ -63.247034080051556, -32.440593823008875 ], [ -63.246984192703742, -32.440634966880651 ], [ -63.246912011206327, -32.440692844100923 ], [ -63.246887067400273, -32.440713190576723 ], [ -63.246878045266293, -32.440720875875002 ], [ -63.24668220674166, -32.440880934054555 ], [ -63.246699806771346, -32.440898040122903 ], [ -63.246746737866388, -32.4409430539257 ], [ -63.246669244433534, -32.441004098451799 ], [ -63.246591216579468, -32.441063790443572 ], [ -63.246511062007286, -32.44112393832777 ], [ -63.246577193186546, -32.441187858659518 ], [ -63.246641186786597, -32.441248175224018 ], [ -63.246639061394411, -32.441249081139837 ], [ -63.246707854759968, -32.441313898843781 ], [ -63.246770248694553, -32.441372864941691 ], [ -63.246831045161457, -32.441430932384591 ], [ -63.246904798857678, -32.441364030987806 ], [ -63.247051786699608, -32.441235191434274 ], [ -63.247090020942572, -32.44121211269195 ], [ -63.247331062562736, -32.441438070898592 ], [ -63.247610827419763, -32.441235898073465 ], [ -63.247676959456001, -32.441299818724204 ], [ -63.247628131538526, -32.441339156353912 ], [ -63.247728852762251, -32.441408872171543 ], [ -63.248361245309709, -32.441390035361529 ], [ -63.248777186998751, -32.441191200177173 ], [ -63.249204860127506, -32.441197120593252 ], [ -63.249394743415401, -32.441387091464172 ], [ -63.250384025154361, -32.441359869721019 ], [ -63.250542738086445, -32.441240925697819 ], [ -63.250770991696776, -32.441071775864003 ], [ -63.250798061317234, -32.441050973512681 ], [ -63.25086122858815, -32.441003937583581 ], [ -63.250904954322003, -32.441043093010734 ], [ -63.251004125132106, -32.441128144519624 ], [ -63.251102232739584, -32.441213198970104 ], [ -63.251181143426017, -32.441281151091403 ], [ -63.25144012179782, -32.441066833950295 ], [ -63.251520785930722, -32.440999916062154 ], [ -63.251594020390321, -32.440938877068042 ], [ -63.251667257448709, -32.440879191558331 ], [ -63.251744736101948, -32.440814084299966 ], [ -63.251838138141899, -32.44073721784828 ], [ -63.2518652036524, -32.440715061743219 ], [ -63.252165943196715, -32.440981937323272 ], [ -63.252015208965588, -32.441099964769627 ], [ -63.252094169004835, -32.441185056755145 ], [ -63.252111233584387, -32.441200809602613 ], [ -63.252169916794806, -32.441262937483835 ], [ -63.252257937995566, -32.441354777080292 ], [ -63.252355089285608, -32.441286923886878 ], [ -63.252385881538949, -32.441266113737342 ], [ -63.252436845046851, -32.441229927028644 ], [ -63.252498165409811, -32.441283930981612 ], [ -63.252646241223864, -32.441166810047882 ], [ -63.252768890995853, -32.441277974741638 ], [ -63.252825948141769, -32.441328830049706 ], [ -63.252888870189686, -32.441385085881677 ], [ -63.253009878817792, -32.44128921909568 ], [ -63.253033959625803, -32.441341042299811 ], [ -63.253149762416442, -32.441285780084634 ], [ -63.2532761472579, -32.44140099646809 ], [ -63.253334008264851, -32.441358932325258 ], [ -63.253342007088087, -32.441366132971574 ], [ -63.253406745622222, -32.441310974122466 ], [ -63.25764500626466, -32.441305983746354 ], [ -63.257658060531476, -32.435984833187113 ] ] ], [ [ [ -63.258140912448766, -32.438454601361315 ], [ -63.264004939716116, -32.437792158173096 ], [ -63.264014885300526, -32.435547225141633 ], [ -63.26034426309964, -32.435501189017764 ], [ -63.260215776743479, -32.435025137031161 ], [ -63.258279998454732, -32.435297952035263 ], [ -63.258091590877243, -32.435326405311123 ], [ -63.258140912448766, -32.438454601361315 ] ] ], [ [ [ -63.254510782484168, -32.4266570373915 ], [ -63.254518206313513, -32.427027792792671 ], [ -63.25446874869877, -32.427028794456014 ], [ -63.254479937828513, -32.427414878391005 ], [ -63.25493197447144, -32.427408100362364 ], [ -63.254926098187767, -32.427588084642728 ], [ -63.254480974837087, -32.42759484778648 ], [ -63.254514038145544, -32.428763022442112 ], [ -63.254325241728758, -32.428765207234242 ], [ -63.254323094065484, -32.429136883602673 ], [ -63.254472012322879, -32.429137936416033 ], [ -63.254477800394795, -32.429684155827964 ], [ -63.254324100589706, -32.429684917089794 ], [ -63.254323260436607, -32.429954200959635 ], [ -63.254245085129213, -32.42995616316886 ], [ -63.254253086898203, -32.430344056889673 ], [ -63.254425933803894, -32.430342805263066 ], [ -63.254426956850502, -32.430517814048336 ], [ -63.254223259414481, -32.430517774403967 ], [ -63.254222835440167, -32.430746010404199 ], [ -63.254189861364033, -32.430746076942867 ], [ -63.254194977034139, -32.431052786016835 ], [ -63.254490144134842, -32.431049033029844 ], [ -63.254478776432649, -32.431357128005395 ], [ -63.254864898315233, -32.431355896534804 ], [ -63.254831818476248, -32.432263943291254 ], [ -63.254306892723569, -32.432270867292914 ], [ -63.25431705170972, -32.432858124599953 ], [ -63.255304147787442, -32.432843948826218 ], [ -63.25530876855575, -32.431086167408331 ], [ -63.257503056578258, -32.431600868608548 ], [ -63.25749583633408, -32.431119153219427 ], [ -63.25754701347698, -32.43097380832625 ], [ -63.257652850158067, -32.43097314102809 ], [ -63.257643891275137, -32.430628100064581 ], [ -63.257550816949724, -32.430627839507508 ], [ -63.25750116044928, -32.427376169775989 ], [ -63.254637800773629, -32.426247220378713 ], [ -63.25453199411357, -32.426445899822028 ], [ -63.254840250047856, -32.426563002679927 ], [ -63.254748235160854, -32.426749024404806 ], [ -63.254510782484168, -32.4266570373915 ] ] ], [ [ [ -63.240957915134459, -32.427235117954844 ], [ -63.24092655035404, -32.426972997764921 ], [ -63.241008457994255, -32.426960836021131 ], [ -63.241324203300614, -32.426922475970734 ], [ -63.242851770905716, -32.425634097120167 ], [ -63.242984148316559, -32.425557464025033 ], [ -63.242984394840661, -32.425557411247688 ], [ -63.242984228175054, -32.425557111284306 ], [ -63.242960231122993, -32.425532801127538 ], [ -63.242918102538255, -32.425490031808032 ], [ -63.242896241458347, -32.425468873667221 ], [ -63.24288996617144, -32.425310113535872 ], [ -63.242887087083055, -32.425228025897646 ], [ -63.242888988645838, -32.42514412552913 ], [ -63.242886829601197, -32.425131951472352 ], [ -63.242888204395072, -32.425049855630782 ], [ -63.242886050333802, -32.425039936856813 ], [ -63.242887915482136, -32.424942053020267 ], [ -63.24288786954785, -32.424924913425805 ], [ -63.24288925870124, -32.424847779919133 ], [ -63.242890213105461, -32.424807182810952 ], [ -63.242890068044773, -32.424753056065917 ], [ -63.242890979990968, -32.42469622020996 ], [ -63.242890879658844, -32.424658783085086 ], [ -63.242891737353823, -32.424582101477952 ], [ -63.242892212135331, -32.424560900269526 ], [ -63.242895151348634, -32.424467074963971 ], [ -63.242976897997629, -32.424410084137861 ], [ -63.243060240395771, -32.424353089278199 ], [ -63.243143052453014, -32.42429699894663 ], [ -63.243308139814637, -32.424183012938002 ], [ -63.243396081888712, -32.424056997550522 ], [ -63.243151821081639, -32.423799013162693 ], [ -63.243264891830897, -32.423723016685884 ], [ -63.243399211450004, -32.423637957886143 ], [ -63.243079759693309, -32.423302987729272 ], [ -63.242832923004322, -32.423472158931546 ], [ -63.242784931310759, -32.423423988508048 ], [ -63.242845978825741, -32.423382824698145 ], [ -63.242833177853313, -32.423368866733831 ], [ -63.243005170537025, -32.423252161628163 ], [ -63.242849967619172, -32.423085118300484 ], [ -63.242925882934955, -32.423035806374948 ], [ -63.242590954038356, -32.422673010414009 ], [ -63.242177384803419, -32.42287965094188 ], [ -63.24235510759069, -32.423099983482039 ], [ -63.241093270274192, -32.423703753452038 ], [ -63.240052302095826, -32.423941416130468 ], [ -63.239651599756868, -32.424141614156433 ], [ -63.23954894395002, -32.424236602032018 ], [ -63.240036228034093, -32.424787388150875 ], [ -63.240050406496842, -32.425840503475968 ], [ -63.240119022336586, -32.425897906573113 ], [ -63.240122307789981, -32.42688306718231 ], [ -63.240121023034014, -32.426943115769475 ], [ -63.239518400057051, -32.426945908619658 ], [ -63.239521349140048, -32.427519824793855 ], [ -63.239447197073602, -32.427634985641525 ], [ -63.239488522838649, -32.430593849387073 ], [ -63.240673007900448, -32.430589044568762 ], [ -63.240667973375366, -32.430695955509854 ], [ -63.240817932102182, -32.430687098648832 ], [ -63.240755953759376, -32.431380944865168 ], [ -63.240542166952814, -32.431388119135278 ], [ -63.240490869779258, -32.432299805249059 ], [ -63.240503128141903, -32.432509974706647 ], [ -63.240786128316479, -32.434329904699524 ], [ -63.240998842067256, -32.434316867938769 ], [ -63.241308077159736, -32.435996015436267 ], [ -63.241847720860328, -32.435913355452378 ], [ -63.242193989064091, -32.4355229598318 ], [ -63.24219121245941, -32.435279845743551 ], [ -63.242188871316912, -32.43520001247304 ], [ -63.241905941713803, -32.435210930820389 ], [ -63.241910151859877, -32.434994865861768 ], [ -63.24230322132864, -32.434999973595993 ], [ -63.242324931531492, -32.433372966442889 ], [ -63.242325068203499, -32.433152937916525 ], [ -63.242242913559572, -32.432974128178721 ], [ -63.241060809000395, -32.4318267560678 ], [ -63.241078277401982, -32.431589250755714 ], [ -63.24112713967115, -32.431562913448481 ], [ -63.241133833298036, -32.431479905768619 ], [ -63.24113903177107, -32.431434790009185 ], [ -63.241142111024139, -32.431392835351858 ], [ -63.241149858299345, -32.431306217728313 ], [ -63.241155056754984, -32.431261101967074 ], [ -63.241158140797822, -32.431220951711822 ], [ -63.241165903649815, -32.431140197269571 ], [ -63.241171078076988, -32.431086060390278 ], [ -63.241174183718847, -32.431054029498966 ], [ -63.241181932136683, -32.430967862744566 ], [ -63.241190209773038, -32.430880792318007 ], [ -63.24119691170214, -32.430800942558172 ], [ -63.241205186909411, -32.430712970377485 ], [ -63.241212935270738, -32.430626803616789 ], [ -63.241254970812172, -32.430592495184918 ], [ -63.241095696453399, -32.430456108387858 ], [ -63.242171211909501, -32.429546463556321 ], [ -63.240819092939923, -32.429465992095913 ], [ -63.240970873224079, -32.427495192081167 ], [ -63.240957915134459, -32.427235117954844 ] ] ] ] } },
{ "type": "Feature", "properties": { "desig": "ZParque", "id": null, "layer": "2026 - Zona Parque Irigoyen", "name": "Parque Hipolito Irigoyen", "fos": null, "fot": null, "h_max_1": null, "h_max_2": null, "ret_1": null, "ret_2": null, "ancho_min": null, "sup_min": null, "u_perm": null, "u_cond": null, "u_no_conf": null, "link1": "codigo_edificacion.pdf", "link2": "codigo_fraccionamiento.pdf", "link3": "codigo_urbano_rural.pdf", "link4": "anexo_grafico.pdf", "link5": "planilla_usos.pdf", "link6": "https://villanueva.gob.ar/obras-privadas/" }, "geometry": { "type": "Polygon", "coordinates": [ [ [ -63.253917798287269, -32.422861224139297 ], [ -63.254140798256806, -32.42254413179441 ], [ -63.254468167722202, -32.422275992951633 ], [ -63.254573145493332, -32.421973120771341 ], [ -63.254735824678292, -32.422014028387593 ], [ -63.254991849836451, -32.421663163683917 ], [ -63.254759230725007, -32.421602969488738 ], [ -63.254128574538306, -32.421888370330237 ], [ -63.254072076084789, -32.421932183392961 ], [ -63.253659943423472, -32.422315962713967 ], [ -63.25295020019945, -32.422582160650407 ], [ -63.251800009520494, -32.422999890250878 ], [ -63.250600925351662, -32.423240891130682 ], [ -63.24932903201249, -32.42330881805362 ], [ -63.248409122206326, -32.423156823458534 ], [ -63.247871092016766, -32.422965213825371 ], [ -63.246897778638164, -32.423955010844558 ], [ -63.246629876328917, -32.424198205413958 ], [ -63.245907140339007, -32.424980851114633 ], [ -63.24854576369551, -32.427798848547305 ], [ -63.253840808649997, -32.423854159715091 ], [ -63.25382777284657, -32.423376965764675 ], [ -63.253929879968886, -32.423377210890159 ], [ -63.253917798287269, -32.422861224139297 ] ] ] } },
{ "type": "Feature", "properties": { "desig": "ZProdUrb1", "id": null, "layer": "2026 - Zona Productiva Urbana 1", "name": "Productiva Urbana 1", "fos": "60", "fot": "1.5", "h_max_1": "10,50", "h_max_2": null, "ret_1": "de Frente: 3,00", "ret_2": null, "ancho_min": "20,0", "sup_min": "500", "u_perm": "Zona Periurbana para actividades de bajo impacto ambiental vinculadas a la ruralidad y a la produccion, de perfil agroecologico y agricultura intensiva de bajo impacto", "u_cond": "Loteos residenciales existentes: ZR1 y ZR2, definidos en Plano de Zonificacion Urbana y Rural.\nNuevos loteos de usos mixtos", "u_no_conf": "actividades industriales, desmontes o remociones de vegetación sin previa evaluación técnica y autorizacion de la autoridad ambiental.\nNo seran conformes los usos rurales de ganadería de gran escala", "link1": "codigo_edificacion.pdf", "link2": "codigo_fraccionamiento.pdf", "link3": "codigo_urbano_rural.pdf", "link4": "anexo_grafico.pdf", "link5": "planilla_usos.pdf", "link6": "https://villanueva.gob.ar/obras-privadas/" }, "geometry": { "type": "MultiPolygon", "coordinates": [ [ [ [ -63.214842275943575, -32.459073728107569 ], [ -63.216725151515085, -32.45790492983533 ], [ -63.214006173320321, -32.454490906049301 ], [ -63.208931221174105, -32.447214854066189 ], [ -63.206863109384571, -32.446792921373167 ], [ -63.204196017634892, -32.445412978169259 ], [ -63.203925007219212, -32.44411888099669 ], [ -63.20328496456063, -32.444297181700158 ], [ -63.202805879439907, -32.444854108492358 ], [ -63.20199675987697, -32.445071013786325 ], [ -63.202393976004863, -32.446674788370181 ], [ -63.203220777864566, -32.447220138256512 ], [ -63.205006130984948, -32.447750846018863 ], [ -63.205462833615883, -32.449285050235169 ], [ -63.205618758980144, -32.451420100715104 ], [ -63.206011172194138, -32.452275115223202 ], [ -63.20722774150682, -32.453874822334825 ], [ -63.207324916438971, -32.454958101571528 ], [ -63.207711054298308, -32.455846948914036 ], [ -63.208514774624426, -32.456252925228533 ], [ -63.209190740345143, -32.457084003709006 ], [ -63.21055893929384, -32.456346951798444 ], [ -63.213306884324673, -32.460027008899715 ], [ -63.214842167090161, -32.45907402226451 ], [ -63.214842172423175, -32.459074028567677 ], [ -63.214842275943575, -32.459073728107569 ] ] ], [ [ [ -63.304450111486759, -32.426773134753695 ], [ -63.303767025172441, -32.424326894028376 ], [ -63.301558058165547, -32.421503166020756 ], [ -63.300917886131309, -32.422336898273272 ], [ -63.300188784677204, -32.422496056889969 ], [ -63.303479974259737, -32.432304987045889 ], [ -63.304083918055106, -32.431755947207265 ], [ -63.305063980940197, -32.431238921713451 ], [ -63.303782132064313, -32.427405776695053 ], [ -63.304496967546918, -32.426948032143812 ], [ -63.304450111486759, -32.426773134753695 ] ] ], [ [ [ -63.279525806964493, -32.424784000132306 ], [ -63.279471857188646, -32.433674016290702 ], [ -63.292871774119732, -32.433696799940819 ], [ -63.292975126181538, -32.43415537990056 ], [ -63.293582326077107, -32.434064288640386 ], [ -63.293505215758614, -32.433693070340091 ], [ -63.296243942815003, -32.43341286810454 ], [ -63.296272215018497, -32.433849229526643 ], [ -63.296377684355861, -32.433842313858911 ], [ -63.296879731270096, -32.43382778569692 ], [ -63.297004858899165, -32.433788084114845 ], [ -63.297542203692082, -32.433772478155959 ], [ -63.297522070640248, -32.433268223733549 ], [ -63.300498998226388, -32.432812806623183 ], [ -63.298082121533717, -32.423566908533424 ], [ -63.298068192522273, -32.423535818322684 ], [ -63.297135886047194, -32.423520880883629 ], [ -63.297048003388625, -32.422992898726307 ], [ -63.296330195819742, -32.422869195520093 ], [ -63.296045203230896, -32.422722820823935 ], [ -63.295381265690914, -32.422156947979097 ], [ -63.29510676144421, -32.42180080460902 ], [ -63.294931766847817, -32.421463822667235 ], [ -63.294907143599673, -32.421250980405546 ], [ -63.294800000910939, -32.421009915123662 ], [ -63.294534775015784, -32.420725016240034 ], [ -63.293865882595817, -32.417639084279848 ], [ -63.293512135622024, -32.417930841369476 ], [ -63.292002893576047, -32.417744903548289 ], [ -63.290413216865865, -32.418841942918171 ], [ -63.289614106187585, -32.419556003324736 ], [ -63.28848391692182, -32.421347041574521 ], [ -63.287650090485499, -32.421523057134436 ], [ -63.28654510202162, -32.42154902969115 ], [ -63.285242260533252, -32.42139817534261 ], [ -63.28424220795538, -32.420970125765734 ], [ -63.283804926540171, -32.420243103384443 ], [ -63.28384114644745, -32.419243025081151 ], [ -63.280688069102773, -32.419196864325407 ], [ -63.280643128079262, -32.424777005616114 ], [ -63.279525806964493, -32.424784000132306 ] ] ] ] } },
{ "type": "Feature", "properties": { "desig": "ZR1", "id": 21.0, "layer": "2026 - Zona Residencial 1", "name": "Residencial 1", "fos": "70", "fot": "1.5", "h_max_1": "Planta Baja + 1 Piso Superior (Alt. Máx: 7,0)", "h_max_2": null, "ret_1": "de Frente: 2,50", "ret_2": null, "ancho_min": "12,0", "sup_min": "300", "u_perm": "Uso de suelo Residencial de hasta 7.00 m (siete metros) de altura máxima y hasta 2 (dos) unidades habitacionales por lote. Uso comercial barrial.", "u_cond": "Institucional, recreativo y deportivo", "u_no_conf": "Usos Rurales extensivos e intensivos, productivos, ganaderia, tambos, extractivas, talleres e industrias de bajo, medio y alto riesgo. Edificios para reunion bajo techo", "link1": "codigo_edificacion.pdf", "link2": "codigo_fraccionamiento.pdf", "link3": "codigo_urbano_rural.pdf", "link4": "anexo_grafico.pdf", "link5": "planilla_usos.pdf", "link6": "https://villanueva.gob.ar/obras-privadas/" }, "geometry": { "type": "MultiPolygon", "coordinates": [ [ [ [ -63.234065040298113, -32.448391211331852 ], [ -63.228657037106103, -32.452961783153768 ], [ -63.228680240880756, -32.4545661492023 ], [ -63.234060243247939, -32.454560774859708 ], [ -63.23405310872905, -32.452830084333797 ], [ -63.234062072667641, -32.448477819424774 ], [ -63.234065040298113, -32.448391211331852 ] ] ], [ [ [ -63.223391920759894, -32.450117846608499 ], [ -63.223383941333559, -32.450117860762603 ], [ -63.223377250717789, -32.448052933018644 ], [ -63.221513998171403, -32.447906924308214 ], [ -63.219684171165106, -32.442898881090414 ], [ -63.218712114757892, -32.443242023020971 ], [ -63.216727857111941, -32.443610809680415 ], [ -63.215827010388018, -32.445048975651844 ], [ -63.214530769392169, -32.445982173007394 ], [ -63.216327165147085, -32.450895172900225 ], [ -63.215877134404408, -32.452016821778976 ], [ -63.216570081401272, -32.453482920427462 ], [ -63.216254785953247, -32.453999922336664 ], [ -63.218312234692839, -32.456752780393153 ], [ -63.21895587547219, -32.456498169423554 ], [ -63.219119842037834, -32.456323775641792 ], [ -63.223412806282013, -32.454700998710258 ], [ -63.223391920759894, -32.450117846608499 ] ] ], [ [ [ -63.222193758502797, -32.440289169312621 ], [ -63.221999000156934, -32.440690052326111 ], [ -63.222920159218447, -32.442807945224054 ], [ -63.222962132351128, -32.443004080947624 ], [ -63.223848914904821, -32.445183822402548 ], [ -63.226237141214696, -32.444479964415343 ], [ -63.226366835027129, -32.444440940629008 ], [ -63.226288097622842, -32.444223221952278 ], [ -63.228658989734186, -32.443623995050224 ], [ -63.228652967276354, -32.442292033016699 ], [ -63.229890757642877, -32.442089059271282 ], [ -63.229995249307123, -32.442600818725616 ], [ -63.230463021795231, -32.44268521370757 ], [ -63.230307125582726, -32.440158223205799 ], [ -63.230289490186259, -32.439943998571486 ], [ -63.230934361534111, -32.440043147094919 ], [ -63.230559193249455, -32.436792870483487 ], [ -63.23060625664111, -32.436684981323623 ], [ -63.230468133669774, -32.435286954594794 ], [ -63.228692993723385, -32.435392128816019 ], [ -63.228603085163975, -32.439800065641336 ], [ -63.222622681392949, -32.438860218975272 ], [ -63.222193758502797, -32.440289169312621 ] ] ], [ [ [ -63.225331157573152, -32.432249801650485 ], [ -63.224918034343077, -32.432517115182307 ], [ -63.225397099995725, -32.43395693890735 ], [ -63.225604128542038, -32.434223143462347 ], [ -63.226937201346807, -32.43515398821453 ], [ -63.228459788591508, -32.435296025399154 ], [ -63.226498184150181, -32.433789876825372 ], [ -63.225331157573152, -32.432249801650485 ] ] ], [ [ [ -63.25777703008962, -32.434428892028947 ], [ -63.257773924463528, -32.434085191920225 ], [ -63.257520760185152, -32.43408706325954 ], [ -63.257518160694616, -32.433921078992817 ], [ -63.257603256577873, -32.433920003247607 ], [ -63.257596854942797, -32.433352134528178 ], [ -63.257512819046816, -32.433351855468572 ], [ -63.257506803325668, -32.432732114261022 ], [ -63.257674867773019, -32.432730867939419 ], [ -63.257667774541993, -32.43229380819259 ], [ -63.257594909667553, -32.432293957212032 ], [ -63.257594022801712, -32.432169015476845 ], [ -63.257508925999872, -32.432169189458087 ], [ -63.257503056578258, -32.431600868608548 ], [ -63.25530876855575, -32.431086167408331 ], [ -63.255304147787442, -32.432843948826218 ], [ -63.255311754469993, -32.434410909024329 ], [ -63.25777703008962, -32.434428892028947 ] ] ], [ [ [ -63.231947022134278, -32.432899946686931 ], [ -63.232018967926564, -32.4335791083926 ], [ -63.231814781444314, -32.433598879266924 ], [ -63.231894888523527, -32.434350195231737 ], [ -63.231688091686401, -32.434389817441229 ], [ -63.231761795628721, -32.435133025770533 ], [ -63.231568247581897, -32.435154130210869 ], [ -63.231653140539891, -32.435846135226825 ], [ -63.231672360578614, -32.435965570706614 ], [ -63.231756716381149, -32.43672172649498 ], [ -63.232118910795599, -32.440225262179332 ], [ -63.23436290827663, -32.440570225536902 ], [ -63.234294766818202, -32.439931203215558 ], [ -63.23631797015311, -32.440277895801607 ], [ -63.236326100779451, -32.440539944781321 ], [ -63.236787263052399, -32.440539078671804 ], [ -63.236684200905657, -32.437738203788733 ], [ -63.23686073558337, -32.4377180261341 ], [ -63.236583841267318, -32.435155183805897 ], [ -63.236438135886395, -32.435165832070666 ], [ -63.235722983284994, -32.432389106001715 ], [ -63.235724119593499, -32.430577202704654 ], [ -63.236542082307565, -32.430568903613832 ], [ -63.236849883857019, -32.432346847916747 ], [ -63.237453168861158, -32.435108776839925 ], [ -63.237275556118306, -32.435121741505348 ], [ -63.237546203922108, -32.437664863659911 ], [ -63.237685001641999, -32.437655128896154 ], [ -63.237808949241142, -32.440497911285249 ], [ -63.238214117841025, -32.440443018760213 ], [ -63.238210129463376, -32.440139916027228 ], [ -63.241316206473329, -32.439247224611549 ], [ -63.240806046533429, -32.436077314406525 ], [ -63.241308077159736, -32.435996015436267 ], [ -63.240998842067256, -32.434316867938769 ], [ -63.240786128316479, -32.434329904699524 ], [ -63.240503128141903, -32.432509974706647 ], [ -63.240490869779258, -32.432299805249059 ], [ -63.240542166952814, -32.431388119135278 ], [ -63.240755953759376, -32.431380944865168 ], [ -63.240817932102182, -32.430687098648832 ], [ -63.240667973375366, -32.430695955509854 ], [ -63.240673007900448, -32.430589044568762 ], [ -63.239488522838649, -32.430593849387073 ], [ -63.239447197073602, -32.427634985641525 ], [ -63.239521349140048, -32.427519824793855 ], [ -63.239518400057051, -32.426945908619658 ], [ -63.240121023034014, -32.426943115769475 ], [ -63.240122307789981, -32.42688306718231 ], [ -63.240119022336586, -32.425897906573113 ], [ -63.240050406496842, -32.425840503475968 ], [ -63.240036228034093, -32.424787388150875 ], [ -63.23954894395002, -32.424236602032018 ], [ -63.238915543927334, -32.424694943017805 ], [ -63.238405255127446, -32.425220828423299 ], [ -63.237447464893982, -32.425832116345944 ], [ -63.236858113776407, -32.426343784851291 ], [ -63.236762876632007, -32.426517156987735 ], [ -63.236597880491161, -32.426671277726008 ], [ -63.233060594461556, -32.42704232585632 ], [ -63.2328721157225, -32.427591087398298 ], [ -63.232206152796728, -32.427548113452175 ], [ -63.23203406503513, -32.42701302352723 ], [ -63.22997503908595, -32.426887796423898 ], [ -63.22995075448928, -32.427167947936006 ], [ -63.230184794919431, -32.42718195404737 ], [ -63.230162103455534, -32.427461200918394 ], [ -63.230164921840405, -32.427523893084249 ], [ -63.230731737451961, -32.427478201282135 ], [ -63.230809111977727, -32.428206068130116 ], [ -63.231020740549845, -32.428189893181276 ], [ -63.231059948638851, -32.428548864521503 ], [ -63.231663106034802, -32.429194122975538 ], [ -63.231821261569785, -32.430726979462477 ], [ -63.231821881652863, -32.431177134817517 ], [ -63.231921865299022, -32.431175146371693 ], [ -63.231925949998534, -32.431940134292347 ], [ -63.232036037623487, -32.431937224493801 ], [ -63.232036230076666, -32.432427975779099 ], [ -63.231913902840269, -32.432428201042633 ], [ -63.231947196877009, -32.432760118349293 ], [ -63.231947022134278, -32.432899946686931 ] ] ], [ [ [ -63.228190749673104, -32.427306916551636 ], [ -63.229562199198668, -32.429350877814464 ], [ -63.230566130299678, -32.429277776827512 ], [ -63.230080257837422, -32.428530810813669 ], [ -63.229991233503654, -32.428448880190118 ], [ -63.229007797141264, -32.426948195969707 ], [ -63.22931912014829, -32.426818175320065 ], [ -63.227671816854695, -32.426725088083835 ], [ -63.226433791866, -32.426965026834594 ], [ -63.225915947186721, -32.427667804400564 ], [ -63.22605188896447, -32.427797915752834 ], [ -63.226423736017374, -32.42804893901554 ], [ -63.228190749673104, -32.427306916551636 ] ] ], [ [ [ -63.300498998226388, -32.432812806623183 ], [ -63.300691846918063, -32.433548922904997 ], [ -63.301967791075242, -32.433036576715189 ], [ -63.303479974259737, -32.432304987045889 ], [ -63.300188784677204, -32.422496056889969 ], [ -63.299999902931617, -32.422468090679452 ], [ -63.298966990168161, -32.423226969461368 ], [ -63.298120937620574, -32.4235650122801 ], [ -63.298082121533717, -32.423566908533424 ], [ -63.300498998226388, -32.432812806623183 ] ] ], [ [ [ -63.257295915766385, -32.426456072446577 ], [ -63.257269191730948, -32.42622202762761 ], [ -63.25723008627336, -32.425536841605869 ], [ -63.257189746772319, -32.425028765585196 ], [ -63.257521615028949, -32.425033951790589 ], [ -63.257557934127476, -32.425460050982295 ], [ -63.257913165789823, -32.425452107516023 ], [ -63.257911761940278, -32.426079983109204 ], [ -63.258114916248637, -32.426079116176744 ], [ -63.258115279317479, -32.42675309755699 ], [ -63.258007134080664, -32.426888986411306 ], [ -63.258007952156056, -32.427363047571255 ], [ -63.258252059574609, -32.427362096531525 ], [ -63.258252881520406, -32.427837058496181 ], [ -63.25822214472894, -32.428062199666144 ], [ -63.258225042136495, -32.428705854112913 ], [ -63.258325233213014, -32.428777817991751 ], [ -63.258324871150414, -32.429397120831524 ], [ -63.258286858186345, -32.429495078895826 ], [ -63.259460080357194, -32.429673091204428 ], [ -63.259492834722799, -32.431639185189468 ], [ -63.259502993856593, -32.432215164689211 ], [ -63.261164170232426, -32.432094005817753 ], [ -63.265411245070929, -32.431977778059412 ], [ -63.265399088594535, -32.431459086407678 ], [ -63.265408256855061, -32.428234003537703 ], [ -63.266414035835759, -32.426757265438859 ], [ -63.263295741831627, -32.425235672640724 ], [ -63.263092205624062, -32.424417947458124 ], [ -63.261590884212609, -32.423675924742902 ], [ -63.26163069899323, -32.423572568465481 ], [ -63.261262219922635, -32.421505661263481 ], [ -63.260095105160666, -32.419407724629792 ], [ -63.258550460177361, -32.41816019865086 ], [ -63.256785234014231, -32.420065924630066 ], [ -63.256781951052837, -32.420148881208426 ], [ -63.256575093619425, -32.420374115950352 ], [ -63.2566731327315, -32.420441124187604 ], [ -63.256603145506496, -32.420514789662413 ], [ -63.256655870503288, -32.420542196668634 ], [ -63.256063104812306, -32.42117082511546 ], [ -63.256021994051657, -32.42121546985878 ], [ -63.256164777779702, -32.421338467787393 ], [ -63.256145128175852, -32.42140385622448 ], [ -63.256068075690095, -32.421612852429135 ], [ -63.256159081999876, -32.42163702477955 ], [ -63.256131117035856, -32.421715115124982 ], [ -63.256176885502136, -32.421727200294967 ], [ -63.256119889576887, -32.421882029615155 ], [ -63.255983111968646, -32.421844869362303 ], [ -63.255666449601868, -32.422706348791976 ], [ -63.255630041086285, -32.422828891091548 ], [ -63.255447751228274, -32.423335145171016 ], [ -63.255380879349758, -32.423459077436355 ], [ -63.255391927230313, -32.423605197256713 ], [ -63.255281862046374, -32.423612186196614 ], [ -63.254637800773629, -32.426247220378713 ], [ -63.25750116044928, -32.427376169775989 ], [ -63.257505947178998, -32.427378057285786 ], [ -63.257528102529399, -32.427313962103383 ], [ -63.257316184117663, -32.427225987002345 ], [ -63.257327082440028, -32.42716651740578 ], [ -63.257298001991678, -32.426816012083798 ], [ -63.257324063060707, -32.42681686151348 ], [ -63.257295915766385, -32.426456072446577 ] ] ] ] } },
{ "type": "Feature", "properties": { "desig": "ZR2A", "id": 13.0, "layer": "2026 - Zona Residencial 2 A", "name": "Residencial 2 A", "fos": "35", "fot": "1", "h_max_1": "10,0", "h_max_2": null, "ret_1": "de Frente: 5,0 - Laterales: 1,50 (En loteo 1a Etapa)", "ret_2": "de Frente: 5,0 m - Laterales: 2,50 (En loteo 2a Etapa)", "ancho_min": "Sin Subdivision", "sup_min": "Sin Subdivision", "u_perm": "Zona de uso de suelo residencial exclusivo consolidada, con una altura maxima de 10.00 m (diez metros).", "u_cond": null, "u_no_conf": "Residencias en altura de mas de dos plantas, edificios o torres exentas, comercios de mediana o gran superficie. Usos Rurales, productivos, talleres e industriales.", "link1": "codigo_edificacion.pdf", "link2": "codigo_fraccionamiento.pdf", "link3": "codigo_urbano_rural.pdf", "link4": "anexo_grafico.pdf", "link5": "planilla_usos.pdf", "link6": "https://villanueva.gob.ar/obras-privadas/" }, "geometry": { "type": "Polygon", "coordinates": [ [ [ -63.226353255801101, -32.444753999014708 ], [ -63.226237141214696, -32.444479964415343 ], [ -63.223848914904821, -32.445183822402548 ], [ -63.222962132351128, -32.443004080947624 ], [ -63.222920159218447, -32.442807945224054 ], [ -63.221999000156934, -32.440690052326111 ], [ -63.221622788278914, -32.441497206307616 ], [ -63.221289839165898, -32.441726928446812 ], [ -63.221255040577034, -32.441852834835956 ], [ -63.220987016466921, -32.442095974729391 ], [ -63.220266880064145, -32.442565885190085 ], [ -63.219684171165106, -32.442898881090414 ], [ -63.221513998171403, -32.447906924308214 ], [ -63.223377250717789, -32.448052933018644 ], [ -63.223383941333559, -32.450117860762603 ], [ -63.223391920759894, -32.450117846608499 ], [ -63.224305831442713, -32.450116222145482 ], [ -63.224304248199644, -32.449691780512723 ], [ -63.225412791574385, -32.448170189834414 ], [ -63.22528282268069, -32.448100959416614 ], [ -63.226348853901619, -32.446611010251601 ], [ -63.226353255801101, -32.444753999014708 ] ] ] } },
{ "type": "Feature", "properties": { "desig": "ZR2B", "id": 15.0, "layer": "2026 - Zona Residencial 2 B", "name": "Residencial 2 B", "fos": "70", "fot": "1", "h_max_1": "Planta Baja + 1 Piso superior. Altura máxima: 10,50", "h_max_2": null, "ret_1": "de Frente: 2,0 - Lateral: 1,50 en todo el largo del terreno", "ret_2": null, "ancho_min": null, "sup_min": null, "u_perm": "Zona de uso de suelo residencial exclusivo consolidada, en planta baja y 1er piso con una altura maxima de 10.50 m (diez metros con cincuenta).", "u_cond": null, "u_no_conf": "Residencias en altura de mas de dos plantas, edificios o torres exentas, comercios de mediana o gran superficie. Usos Rurales, productivos, talleres e industriales.", "link1": "codigo_edificacion.pdf", "link2": "codigo_fraccionamiento.pdf", "link3": "codigo_urbano_rural.pdf", "link4": "anexo_grafico.pdf", "link5": "planilla_usos.pdf", "link6": "https://villanueva.gob.ar/obras-privadas/" }, "geometry": { "type": "Polygon", "coordinates": [ [ [ -63.231500751973961, -32.447244852970925 ], [ -63.230154878548127, -32.444087212099028 ], [ -63.230071963609724, -32.444113074397968 ], [ -63.229978042411553, -32.443994166613102 ], [ -63.22906513720028, -32.444250640673971 ], [ -63.228992642851338, -32.443984391665914 ], [ -63.226353255801101, -32.444753999014708 ], [ -63.226348853901619, -32.446611010251601 ], [ -63.226585832760428, -32.446929030317818 ], [ -63.226937131239325, -32.447438994137336 ], [ -63.22751894050824, -32.447806007742429 ], [ -63.228120735914359, -32.447868968871376 ], [ -63.22867318784288, -32.447771892362553 ], [ -63.229991792877904, -32.447313922674446 ], [ -63.230460115952333, -32.44718722235045 ], [ -63.231095755961235, -32.447172976755049 ], [ -63.231500751973961, -32.447244852970925 ] ] ] } },
{ "type": "Feature", "properties": { "desig": "ZR2C", "id": 4.0, "layer": "2026 - Zona Residencial 2 C", "name": "Residencial 2 C", "fos": "70", "fot": "1", "h_max_1": "Planta Baja + 1 piso superior (Alt. Máx: 10,50)", "h_max_2": null, "ret_1": "de Frente: 1,50 - Lateral: 1,50 hasta mitad del lote.", "ret_2": null, "ancho_min": null, "sup_min": null, "u_perm": "Zona de uso de suelo residencial exclusivo consolidada, en planta baja y 1er piso con una altura maxima de 10.50 m (diez metros con cincuenta).", "u_cond": null, "u_no_conf": "Residencias en altura de mas de dos plantas, edificios o torres exentas, comercios de mediana o gran superficie. Usos Rurales, productivos, talleres e industriales.", "link1": "codigo_edificacion.pdf", "link2": "codigo_fraccionamiento.pdf", "link3": "codigo_urbano_rural.pdf", "link4": "anexo_grafico.pdf", "link5": "planilla_usos.pdf", "link6": "https://villanueva.gob.ar/obras-privadas/" }, "geometry": { "type": "Polygon", "coordinates": [ [ [ -63.233341759686439, -32.442886046201231 ], [ -63.233325979913964, -32.442955087573594 ], [ -63.230084892308966, -32.443892286977601 ], [ -63.230154878548127, -32.444087212099028 ], [ -63.231500751973961, -32.447244852970925 ], [ -63.231945255954912, -32.44758097529045 ], [ -63.232170143065325, -32.447945917120336 ], [ -63.232269024965412, -32.448336800864517 ], [ -63.232255259111895, -32.448777057689625 ], [ -63.232182807938365, -32.449151117681112 ], [ -63.232360858722252, -32.449297833675772 ], [ -63.235687813042993, -32.446468034590247 ], [ -63.233341759686439, -32.442886046201231 ] ] ] } },
{ "type": "Feature", "properties": { "desig": "ZR2D", "id": 5.0, "layer": "2026 - Zona Residencial 2 D", "name": "Residencial 2 D", "fos": "70", "fot": "1", "h_max_1": "Planta Baja + 1 piso superior (Alt. Máx: 10,50)", "h_max_2": null, "ret_1": "de Frente: 1,50 - Lateral: 1,50 hasta mitad de lote.", "ret_2": null, "ancho_min": null, "sup_min": null, "u_perm": "Zona de uso de suelo residencial exclusivo consolidada, en planta baja y 1er piso con una altura maxima de 10.50 m (diez metros con cincuenta).", "u_cond": null, "u_no_conf": "Residencias en altura de mas de dos plantas, edificios o torres exentas, comercios de mediana o gran superficie. Usos Rurales, productivos, talleres e industriales.", "link1": "codigo_edificacion.pdf", "link2": "codigo_fraccionamiento.pdf", "link3": "codigo_urbano_rural.pdf", "link4": "anexo_grafico.pdf", "link5": "planilla_usos.pdf", "link6": "https://villanueva.gob.ar/obras-privadas/" }, "geometry": { "type": "Polygon", "coordinates": [ [ [ -63.233341759686439, -32.442886046201231 ], [ -63.235687813042993, -32.446468034590247 ], [ -63.239290168895906, -32.443463966048412 ], [ -63.238100787510874, -32.44245314560321 ], [ -63.236299051064435, -32.442200789582536 ], [ -63.236429744806955, -32.441528919659596 ], [ -63.233437815437483, -32.442386998910493 ], [ -63.233341759686439, -32.442886046201231 ] ] ] } },
{ "type": "Feature", "properties": { "desig": "ZR2E", "id": 8.0, "layer": "2026 - Zona Residencial 2 E", "name": "Residencial 2 E", "fos": "80", "fot": "1", "h_max_1": "Planta Baja + 1 Piso. Alt. Max.: 10,50", "h_max_2": null, "ret_1": "de Frente: 7porc de sup. de lote en lotes centrales. Se habilita 33porc hacia el frente. Resto: 2,50", "ret_2": "de Frente: 10por de sup de lote en lotes en esquina. Se habilita 3por hacia el frente. Resto: 2,50 m", "ancho_min": "12,0", "sup_min": "300", "u_perm": "Residencial (individual o unifamiliar) y comercial diario de escala barrial.", "u_cond": null, "u_no_conf": "Detallados en Ordenanza Municipal 2286/15: Industrial, galpones, deposito de servicios al transportista, locales recreativos nocturnos.", "link1": "codigo_edificacion.pdf", "link2": "codigo_fraccionamiento.pdf", "link3": "codigo_urbano_rural.pdf", "link4": "anexo_grafico.pdf", "link5": "planilla_usos.pdf", "link6": "https://villanueva.gob.ar/obras-privadas/" }, "geometry": { "type": "Polygon", "coordinates": [ [ [ -63.303767025172441, -32.424326894028376 ], [ -63.304450111486759, -32.426773134753695 ], [ -63.308317854062423, -32.42351001548456 ], [ -63.306424116840894, -32.422172974394613 ], [ -63.303767025172441, -32.424326894028376 ] ] ] } },
{ "type": "Feature", "properties": { "desig": "ZR2F", "id": 10.0, "layer": "2026 - Zona Residencial 2 F", "name": "Residencial 2 F", "fos": "70", "fot": "1", "h_max_1": "Planta Baja + 1 piso superior. Altura máxima: 7,0", "h_max_2": null, "ret_1": "de Frente: 3,0 - Cocheras o garages en LM.", "ret_2": null, "ancho_min": "12,0", "sup_min": "300", "u_perm": "Residencial (individual o unifamiliar) y comercial diario de escala barrial.", "u_cond": null, "u_no_conf": "Galpones destinados a cualquier fin, fabricas y tallares, asentamientos temporarios en carpas, casillas rodantes, y construcciones precarias. Confiterias, bares, clubes nocturnos, pubs, hoteles alojamientos y afines.", "link1": "codigo_edificacion.pdf", "link2": "codigo_fraccionamiento.pdf", "link3": "codigo_urbano_rural.pdf", "link4": "anexo_grafico.pdf", "link5": "planilla_usos.pdf", "link6": "https://villanueva.gob.ar/obras-privadas/" }, "geometry": { "type": "Polygon", "coordinates": [ [ [ -63.279654030369919, -32.415838776942365 ], [ -63.280672930528567, -32.415853201207383 ], [ -63.280649026745799, -32.416892041769238 ], [ -63.280705772041237, -32.417014152946223 ], [ -63.280688069102773, -32.419196864325407 ], [ -63.28384114644745, -32.419243025081151 ], [ -63.28384396421324, -32.418953890536748 ], [ -63.284134983169096, -32.417470154331028 ], [ -63.284400027421533, -32.416184942414105 ], [ -63.283575877691881, -32.415361813597947 ], [ -63.283308738238901, -32.415298814525762 ], [ -63.283286856590252, -32.414933055373758 ], [ -63.282216967371426, -32.414764053847122 ], [ -63.280032737014324, -32.41535214610235 ], [ -63.279654030369919, -32.415838776942365 ] ] ] } },
{ "type": "Feature", "properties": { "desig": "ZRurE", "id": 235.0, "layer": "2026 - Zona Rural Extensiva", "name": "Rural Extensiva", "fos": "50", "fot": "1.5", "h_max_1": "21,0", "h_max_2": null, "ret_1": "de Frente: 3,0 - Laterales: en lotes de mas de 20,0 de ancho, retiro de 1,5", "ret_2": null, "ancho_min": "50,0", "sup_min": "5000", "u_perm": "Uso de suelo rural predominantemente, productivo agricola extensivo. Uso productivo agricola intensivo de pequeña escala. Uso de suelo secundario para areas de infraestructura urbana y rural, de energia, saneamiento, pluvial, gas y otras.", "u_cond": "Uso turistico rural. Uso industrial de cualquier riesgo (muy bajo, bajo, intermedio o alto), logisticos, talleres y galpones. Extractivas (ladrilleras). Vivienda rural. Feed Lots (cria intensiva de grandes animales).", "u_no_conf": "Loteos residenciales.", "link1": "codigo_edificacion.pdf", "link2": "codigo_fraccionamiento.pdf", "link3": "codigo_urbano_rural.pdf", "link4": "anexo_grafico.pdf", "link5": "planilla_usos.pdf", "link6": "https://villanueva.gob.ar/obras-privadas/" }, "geometry": { "type": "MultiPolygon", "coordinates": [ [ [ [ -63.214842275943575, -32.459073728107569 ], [ -63.214842172423175, -32.459074028567677 ], [ -63.229610763366182, -32.478916056088025 ], [ -63.233203786640985, -32.477081776858938 ], [ -63.238978064759799, -32.475753865907521 ], [ -63.243223021948658, -32.475462021952488 ], [ -63.243221254308217, -32.474606825388804 ], [ -63.246574068938877, -32.474607971299555 ], [ -63.245900866274418, -32.468507863698292 ], [ -63.245212232520906, -32.464336040582999 ], [ -63.241615975836908, -32.464877945086009 ], [ -63.241595011066977, -32.463601948468408 ], [ -63.238850067215459, -32.463752876991741 ], [ -63.235666241275247, -32.463928924225741 ], [ -63.226943153406225, -32.464483059517711 ], [ -63.223967076724847, -32.464135211468687 ], [ -63.220393084611587, -32.462509146109468 ], [ -63.216867843977973, -32.458084089589747 ], [ -63.216725151515085, -32.45790492983533 ], [ -63.214842275943575, -32.459073728107569 ] ] ], [ [ [ -63.278093903783365, -32.459865857327749 ], [ -63.278099831493869, -32.454003021903425 ], [ -63.288406250311027, -32.455752938979359 ], [ -63.29761601669022, -32.457002132460971 ], [ -63.297357826451261, -32.455978846662411 ], [ -63.306220003146379, -32.454456044066106 ], [ -63.306057883165664, -32.453866908223794 ], [ -63.322339753264039, -32.446980163775265 ], [ -63.32064275625018, -32.440492898735691 ], [ -63.326169883272435, -32.439485030208076 ], [ -63.320615174489028, -32.440214215894272 ], [ -63.311933749222611, -32.443857997006532 ], [ -63.309266808495515, -32.434861936926417 ], [ -63.309250247991251, -32.434809190779546 ], [ -63.307971175739638, -32.435334210257587 ], [ -63.306379083564202, -32.43260513901398 ], [ -63.304832987982969, -32.43340184833 ], [ -63.304470252647207, -32.433558791105852 ], [ -63.304220211289156, -32.433697869327098 ], [ -63.304000980236935, -32.433826048056289 ], [ -63.303861980602854, -32.433930126517431 ], [ -63.303646216099985, -32.434140839136994 ], [ -63.303429870600411, -32.43433711932353 ], [ -63.303377914552684, -32.434386860721283 ], [ -63.303382090326984, -32.434522167726769 ], [ -63.303183867199706, -32.435048126211733 ], [ -63.302793790637672, -32.435461781469137 ], [ -63.302548025927656, -32.435609868114803 ], [ -63.302487812370792, -32.435735857752583 ], [ -63.302432748299132, -32.435810865217839 ], [ -63.302370948937003, -32.435940015641023 ], [ -63.302347919560113, -32.436051933362705 ], [ -63.302258039044965, -32.436372850250905 ], [ -63.302157141180722, -32.436580127551728 ], [ -63.302091740013736, -32.436745821880528 ], [ -63.301901802575841, -32.437208159520331 ], [ -63.301516875175011, -32.437895138556932 ], [ -63.301117175006432, -32.43845991641674 ], [ -63.299373037082162, -32.440373847656488 ], [ -63.289005003581515, -32.443500882366948 ], [ -63.28861217023185, -32.443582071573196 ], [ -63.288230984520325, -32.443646092393671 ], [ -63.287849771391009, -32.443701992746888 ], [ -63.274970038258679, -32.444679793671675 ], [ -63.274661085893513, -32.444712943523186 ], [ -63.274362265805728, -32.444754189925618 ], [ -63.273892796509784, -32.444829185213976 ], [ -63.27326921368023, -32.444952775932713 ], [ -63.272646239902826, -32.445102974770272 ], [ -63.272188071590008, -32.445222143156286 ], [ -63.271830973441894, -32.445342895280234 ], [ -63.271018954759043, -32.445603101076706 ], [ -63.270161985759032, -32.445953157617602 ], [ -63.269426849780579, -32.446311969787509 ], [ -63.268528264682544, -32.446804187058532 ], [ -63.267778090217035, -32.447298789505773 ], [ -63.267092864175559, -32.447813095512075 ], [ -63.266642798267561, -32.448161814504246 ], [ -63.266257077717789, -32.448504981737706 ], [ -63.265958936710803, -32.448783012349061 ], [ -63.265692199474884, -32.449068191820302 ], [ -63.265307222348213, -32.44948577976426 ], [ -63.264963151921663, -32.44988613995131 ], [ -63.264675818548284, -32.450225036462967 ], [ -63.26443881635754, -32.450493912893506 ], [ -63.264266023515106, -32.450708978259868 ], [ -63.262789195702233, -32.452511784271913 ], [ -63.260449948257175, -32.455420995025349 ], [ -63.259507919175142, -32.456580801345261 ], [ -63.257833763968705, -32.458654136432962 ], [ -63.257380927405173, -32.459182798243674 ], [ -63.257065847528253, -32.459513163540151 ], [ -63.256662111983339, -32.459911818030903 ], [ -63.256259239825908, -32.460241007583349 ], [ -63.255890860715176, -32.460539904465286 ], [ -63.255366856550914, -32.460931131541685 ], [ -63.254662031433696, -32.461348883866549 ], [ -63.253932168279583, -32.461757210745631 ], [ -63.253177073907317, -32.462087099347045 ], [ -63.252667895328045, -32.462269897969854 ], [ -63.25216825902222, -32.462440947253995 ], [ -63.251599970651192, -32.462605817700862 ], [ -63.251100220314385, -32.4627371706163 ], [ -63.250454176185784, -32.462875126694968 ], [ -63.248355931438219, -32.463111125781147 ], [ -63.24835920514829, -32.46314088882054 ], [ -63.248287166643593, -32.463450906707777 ], [ -63.248276167282036, -32.4635140761944 ], [ -63.248278952941668, -32.463754031962374 ], [ -63.24875979255129, -32.466417017782113 ], [ -63.249131061196081, -32.468502866647469 ], [ -63.249454950808385, -32.470573922385022 ], [ -63.249625994832201, -32.472591153132704 ], [ -63.254058745388676, -32.472731133540897 ], [ -63.254074026255964, -32.471161881277013 ], [ -63.261415189704508, -32.470409828324257 ], [ -63.266786775828848, -32.469578992409296 ], [ -63.269890761429927, -32.469704986783434 ], [ -63.27406424790874, -32.469659886221805 ], [ -63.274071234749499, -32.466696890804315 ], [ -63.278086808462355, -32.466733190882003 ], [ -63.278092223214273, -32.461569948807295 ], [ -63.278093903783365, -32.459865857327749 ] ] ] ] } },
{ "type": "Feature", "properties": { "desig": "ZRurI", "id": 6.0, "layer": "2026 - Zona Rural Intensiva de Pequeña Escala", "name": "Rural Intensiva de Pequeña Escala", "fos": "50", "fot": "1.5", "h_max_1": "21,0", "h_max_2": null, "ret_1": "de Frente: 3,0 - Laterales: en lotes de más de 20m de ancho, 1,5 m de retiro.", "ret_2": null, "ancho_min": "30,0", "sup_min": "1500", "u_perm": "Uso de suelo rural agricola productivo intensivo de pequeña escala. Uso para infraestructura urbana y rural, de energia, saneamiento, pluvial, gas y otras. Actividades turisticas. Usos recreativos y deportivos", "u_cond": "Usos rurales de agricultura extensiva. Industriales de bajo riesgo. Usos logisticos, comerciales de grandes superficies, pymes y servicios especializados. Usos residenciales.", "u_no_conf": "Industriales de riesgo medio y alto. Cria de animales y tambos.", "link1": "codigo_edificacion.pdf", "link2": "codigo_fraccionamiento.pdf", "link3": "codigo_urbano_rural.pdf", "link4": "anexo_grafico.pdf", "link5": "planilla_usos.pdf", "link6": "https://villanueva.gob.ar/obras-privadas/" }, "geometry": { "type": "Polygon", "coordinates": [ [ [ -63.266328932282654, -32.43784680590354 ], [ -63.266176203062592, -32.43926886068671 ], [ -63.264818827273047, -32.441281182100589 ], [ -63.263422812329189, -32.443562849859532 ], [ -63.262689234544325, -32.444461082518686 ], [ -63.262004218217356, -32.444867107922136 ], [ -63.262004211234014, -32.445416043699197 ], [ -63.262059835806241, -32.446439827674411 ], [ -63.261980168083014, -32.447218066189279 ], [ -63.260842814870848, -32.447938959636424 ], [ -63.260901109764248, -32.449154888121889 ], [ -63.261351084765707, -32.449502170380995 ], [ -63.26511122712504, -32.445772191614239 ], [ -63.265432935395864, -32.445551849755539 ], [ -63.268442948784823, -32.443504889199744 ], [ -63.269804757674713, -32.443354032337375 ], [ -63.269819224553657, -32.442675160819739 ], [ -63.287192748486355, -32.440988131950498 ], [ -63.288282121918172, -32.440828224354547 ], [ -63.296157946325955, -32.438506856184631 ], [ -63.297273209517677, -32.437984160262793 ], [ -63.298454890342072, -32.436960173228591 ], [ -63.29910600209746, -32.435858050181949 ], [ -63.291962781404024, -32.436822028993923 ], [ -63.284838831171534, -32.436859089172913 ], [ -63.2806831949542, -32.437711894467995 ], [ -63.280628769711491, -32.435080999153506 ], [ -63.274000891059643, -32.436953946367204 ], [ -63.26833403615003, -32.437804210521278 ], [ -63.266328932282654, -32.43784680590354 ] ] ] } },
{ "type": "Feature", "properties": { "desig": "ZUrbProd1", "id": null, "layer": "2026 - Zona Urbana Productiva 1", "name": "Urbana Productiva 1", "fos": "70 para usos permitidos; 60 para usos condicionados", "fot": "1.5", "h_max_1": "10,50", "h_max_2": null, "ret_1": "de Frente: 2,50", "ret_2": null, "ancho_min": "10,0", "sup_min": "200", "u_perm": "Uso residencial para la produccion social del habitat complementando con uso comercial barrial, pymes y servicios, deportivo, recreativo, turistico rural, productivos intensivos de bajo impacto.", "u_cond": "Talleres y galpones", "u_no_conf": "Usos Rurales extensivos industriales y monocultivos. Ganaderia, tambos, extractivas e industrias.", "link1": "codigo_edificacion.pdf", "link2": "codigo_fraccionamiento.pdf", "link3": "codigo_urbano_rural.pdf", "link4": "anexo_grafico.pdf", "link5": "planilla_usos.pdf", "link6": "https://villanueva.gob.ar/obras-privadas/" }, "geometry": { "type": "MultiPolygon", "coordinates": [ [ [ [ -63.248042812269318, -32.524225934698819 ], [ -63.244322726095824, -32.524188314224681 ], [ -63.245364588905197, -32.528342802689508 ], [ -63.243452156899941, -32.52966781269842 ], [ -63.244854834037611, -32.531968226833641 ], [ -63.24817613680198, -32.531952879793877 ], [ -63.248182919913255, -32.534419578093363 ], [ -63.256751384553446, -32.533869628981599 ], [ -63.256719852472777, -32.522782966325018 ], [ -63.248042812269318, -32.524225934698819 ] ] ], [ [ [ -63.258185791972153, -32.441884534360966 ], [ -63.255479370727777, -32.441914202053049 ], [ -63.255478281372255, -32.442659350233839 ], [ -63.253992057582437, -32.442713033762814 ], [ -63.253995118099446, -32.448735088687748 ], [ -63.244938141091737, -32.448771974246078 ], [ -63.245663239132, -32.451139963102612 ], [ -63.245696841476274, -32.453328875266813 ], [ -63.24573718317496, -32.453492078624457 ], [ -63.245719762695003, -32.455697779140337 ], [ -63.245718829347389, -32.455829207688261 ], [ -63.247044776865891, -32.46050118931111 ], [ -63.24988986425668, -32.460242983788199 ], [ -63.252259084978604, -32.459332088078853 ], [ -63.253847872774656, -32.458448885154091 ], [ -63.256159116196564, -32.455880852785256 ], [ -63.251227954063395, -32.455852898502584 ], [ -63.251246775300139, -32.4534338457605 ], [ -63.256586086837281, -32.453362187239435 ], [ -63.256609692020277, -32.455361963893161 ], [ -63.261351084765707, -32.449502170380995 ], [ -63.260901109764248, -32.449154888121889 ], [ -63.260842814870848, -32.447938959636424 ], [ -63.261980168083014, -32.447218066189279 ], [ -63.262059835806241, -32.446439827674411 ], [ -63.262004211234014, -32.445416043699197 ], [ -63.262004218217356, -32.444867107922136 ], [ -63.262689234544325, -32.444461082518686 ], [ -63.263422812329189, -32.443562849859532 ], [ -63.264818827273047, -32.441281182100589 ], [ -63.266176203062592, -32.43926886068671 ], [ -63.266328932282654, -32.43784680590354 ], [ -63.264995056926054, -32.437702122894045 ], [ -63.264004939716116, -32.437792158173096 ], [ -63.258140912448766, -32.438454601361315 ], [ -63.258185791972153, -32.441884534360966 ] ] ] ] } },
{ "type": "Feature", "properties": { "desig": "ZUrbProd2", "id": 18.0, "layer": "2026 - Zona Urbana Productiva 2", "name": "Urbana Productiva 2", "fos": "70 para usos permitidos. 60 para condicionados", "fot": "1.5", "h_max_1": "7,0", "h_max_2": null, "ret_1": "de Frente: 2,50", "ret_2": null, "ancho_min": "10,0", "sup_min": "250", "u_perm": "Uso residencial para la produccion social del habitat complementando con uso comercial barrial, pymes y servicios, deportivo, recreativo, turistico, productivos intensivos de bajo impacto", "u_cond": "Talleres y galpones.", "u_no_conf": "Usos Rurales extensivos industriales y monocultivos. Ganaderia, tambos, extractivas e industrias bajo, medio y alto riesgo.", "link1": "codigo_edificacion.pdf", "link2": "codigo_fraccionamiento.pdf", "link3": "codigo_urbano_rural.pdf", "link4": "anexo_grafico.pdf", "link5": "planilla_usos.pdf", "link6": "https://villanueva.gob.ar/obras-privadas/" }, "geometry": { "type": "Polygon", "coordinates": [ [ [ -63.242841782974345, -32.451181970826958 ], [ -63.238771154918823, -32.45118479312891 ], [ -63.238773888567572, -32.452826183269963 ], [ -63.23405310872905, -32.452830084333797 ], [ -63.234060243247939, -32.454560774859708 ], [ -63.234211015286149, -32.461308157716701 ], [ -63.235443210015873, -32.461230222574372 ], [ -63.23880405380168, -32.460631205537943 ], [ -63.241546079393444, -32.46061785588811 ], [ -63.241553818182609, -32.46152401264645 ], [ -63.245051893818655, -32.461514096212397 ], [ -63.244990235771056, -32.460945885763351 ], [ -63.244673236780528, -32.458026816113843 ], [ -63.244163039003254, -32.458026903789232 ], [ -63.243882989618179, -32.455776225064554 ], [ -63.242952015418403, -32.455783887876152 ], [ -63.242943243820093, -32.451183737349218 ], [ -63.242841782974345, -32.451181970826958 ] ] ] } },
{ "type": "Feature", "properties": { "desig": "ZVP", "id": 221.0, "layer": "2026 - Zonas Verdes Periurbanas", "name": "Verde Periurbana", "fos": null, "fot": null, "h_max_1": null, "h_max_2": null, "ret_1": null, "ret_2": null, "ancho_min": null, "sup_min": null, "u_perm": "Zona verde perirubana de preservación selectiva y uso condicionado.\nConservación de suelo. Prod. Agroecológica (vivero, investigación y espacios comunitarios).\nEducación ambiental e histórica", "u_cond": null, "u_no_conf": null, "link1": "codigo_edificacion.pdf", "link2": "codigo_fraccionamiento.pdf", "link3": "codigo_urbano_rural.pdf", "link4": "anexo_grafico.pdf", "link5": "planilla_usos.pdf", "link6": "https://villanueva.gob.ar/obras-privadas/" }, "geometry": { "type": "MultiPolygon", "coordinates": [ [ [ [ -63.2453011754993, -32.4694720367212 ], [ -63.245083159710809, -32.468540130293661 ], [ -63.242850990034917, -32.468493035332315 ], [ -63.242796259303141, -32.472286967533201 ], [ -63.245594960463094, -32.472048793596706 ], [ -63.245600183452183, -32.471424974691871 ], [ -63.2453011754993, -32.4694720367212 ] ] ], [ [ [ -63.274780801964155, -32.45997191232469 ], [ -63.276644250560416, -32.461639895068174 ], [ -63.278092223214273, -32.461569948807295 ], [ -63.278093903783365, -32.459865857327749 ], [ -63.274780801964155, -32.45997191232469 ] ] ], [ [ [ -63.268701917267315, -32.45495079671273 ], [ -63.269363743610576, -32.453529908884022 ], [ -63.268706751014648, -32.453532215145444 ], [ -63.268172194301705, -32.454279852454398 ], [ -63.266960025559648, -32.454719050656379 ], [ -63.266937793923354, -32.456019943438541 ], [ -63.264896000258965, -32.456025156919345 ], [ -63.263790200722703, -32.454459155837903 ], [ -63.263588242243927, -32.454709914871565 ], [ -63.263614778747197, -32.454870886885132 ], [ -63.263861122847203, -32.455247002753488 ], [ -63.264507788730256, -32.456621817715344 ], [ -63.265560181423417, -32.45701608101983 ], [ -63.267399901775576, -32.456133079603916 ], [ -63.268701917267315, -32.45495079671273 ] ] ], [ [ [ -63.268738479415269, -32.424321165087299 ], [ -63.268606742939504, -32.424710814183896 ], [ -63.268477715831899, -32.424995430779433 ], [ -63.268231381950102, -32.425444241605334 ], [ -63.268060158699647, -32.425759686619386 ], [ -63.267757872650293, -32.4261842798429 ], [ -63.267483688177116, -32.426409005308138 ], [ -63.267218355377778, -32.426563266267593 ], [ -63.266903129845268, -32.426698420479532 ], [ -63.266731119265771, -32.426748736614165 ], [ -63.266657085482031, -32.426781902091975 ], [ -63.26743971773778, -32.426861227077829 ], [ -63.268563153208156, -32.42658742419119 ], [ -63.269584803483951, -32.425777714820633 ], [ -63.269826131010717, -32.424950283008641 ], [ -63.26981786411028, -32.424202304368976 ], [ -63.269335905485306, -32.423616720984491 ], [ -63.26895529266492, -32.423085995017409 ], [ -63.268771744732589, -32.423316933208014 ], [ -63.268782347272158, -32.423836922481264 ], [ -63.268738479415269, -32.424321165087299 ] ] ], [ [ [ -63.292698113738318, -32.429825778795781 ], [ -63.290632022766118, -32.419084108082309 ], [ -63.289790049104319, -32.419698132988053 ], [ -63.292069259527338, -32.429924215665295 ], [ -63.292698113738318, -32.429825778795781 ] ] ], [ [ [ -63.270471030741412, -32.417113732782241 ], [ -63.269914511512276, -32.41710252428679 ], [ -63.269395514713857, -32.417252209304479 ], [ -63.26906453634389, -32.417482631797569 ], [ -63.268634321206648, -32.417868693599971 ], [ -63.268489577044107, -32.418337129189979 ], [ -63.268060137086913, -32.419834193622755 ], [ -63.268281167809313, -32.419808169214484 ], [ -63.268871633031949, -32.418320148713654 ], [ -63.270981998519154, -32.417421095204858 ], [ -63.271525080467875, -32.418356774425554 ], [ -63.271670866952128, -32.420689786052101 ], [ -63.273910998609388, -32.420766126488694 ], [ -63.273929818897223, -32.419426892996697 ], [ -63.273420546003045, -32.419274357940012 ], [ -63.273037227712045, -32.418820686870099 ], [ -63.27184263111365, -32.417757819395248 ], [ -63.271379866830131, -32.417352494454818 ], [ -63.270471030741412, -32.417113732782241 ] ] ] ] } }
]
}
